PublishDate,Score,Anti-Score,FinalScore
2016-12-30,236.0,8.0,236.0
2016-12-31,33.0,0.0,33.0
2017-01-01,0.0,0.0,0.0
2017-01-02,0.0,0.0,0.0
2017-01-03,155.0,16.0,155.0
2017-01-04,263.0,0.0,263.0
2017-01-05,300.0,1.0,300.0
2017-01-06,243.0,0.0,243.0
2017-01-07,15.0,0.0,15.0
2017-01-08,65.0,0.0,65.0
2017-01-09,287.0,0.0,287.0
2017-01-10,506.0,20.0,506.0
2017-01-11,239.0,0.0,239.0
2017-01-12,588.0,0.0,588.0
2017-01-13,113.0,0.0,113.0
2017-01-14,0.0,0.0,0.0
2017-01-15,0.0,0.0,0.0
2017-01-16,-5.0,0.0,-5.0
2017-01-17,137.0,0.0,137.0
2017-01-18,109.0,6.0,109.0
2017-01-19,236.0,0.0,236.0
2017-01-20,215.0,0.0,215.0
2017-01-21,0.0,0.0,0.0
2017-01-22,0.0,0.0,0.0
2017-01-23,496.0,-4.0,496.0
2017-01-24,446.0,0.0,446.0
2017-01-25,338.0,0.0,338.0
2017-01-26,314.0,0.0,314.0
2017-01-27,0.0,0.0,0.0
2017-01-28,0.0,0.0,0.0
2017-01-29,0.0,0.0,0.0
2017-01-30,0.0,0.0,0.0
2017-01-31,20.0,0.0,20.0
2017-02-01,-10.0,0.0,-10.0
2017-02-02,218.0,2.0,218.0
2017-02-03,256.0,0.0,256.0
2017-02-04,0.0,0.0,0.0
2017-02-05,17.0,0.0,17.0
2017-02-06,1.0,16.0,1.0
2017-02-07,175.0,6.0,175.0
2017-02-08,287.0,7.0,287.0
2017-02-09,468.0,2.0,468.0
2017-02-10,55.0,0.0,55.0
2017-02-11,97.0,0.0,97.0
2017-02-12,42.0,0.0,42.0
2017-02-13,485.0,-2.0,485.0
2017-02-14,454.0,0.0,454.0
2017-02-15,479.0,0.0,479.0
2017-02-16,72.0,30.0,72.0
2017-02-17,173.0,0.0,173.0
2017-02-18,356.0,0.0,356.0
2017-02-19,0.0,0.0,0.0
2017-02-20,195.0,2.0,195.0
2017-02-21,226.0,0.0,226.0
2017-02-22,318.0,-14.0,318.0
2017-02-23,734.0,8.0,734.0
2017-02-24,502.0,0.0,502.0
2017-02-25,128.0,0.0,128.0
2017-02-26,0.0,0.0,0.0
2017-02-27,0.0,0.0,0.0
2017-02-28,4.0,-4.0,4.0
2017-03-01,104.0,0.0,104.0
2017-03-02,362.0,24.0,362.0
2017-03-03,202.0,0.0,202.0
2017-03-04,160.0,0.0,160.0
2017-03-05,0.0,0.0,0.0
2017-03-06,97.0,0.0,97.0
2017-03-07,226.0,0.0,226.0
2017-03-08,608.0,0.0,608.0
2017-03-09,-55.0,0.0,-55.0
2017-03-10,-94.0,0.0,-94.0
2017-03-11,223.0,3.0,223.0
2017-03-12,113.0,-2.0,113.0
2017-03-13,286.0,0.0,286.0
2017-03-14,250.0,19.0,250.0
2017-03-15,306.0,32.0,306.0
2017-03-16,574.0,8.0,574.0
2017-03-17,679.0,0.0,679.0
2017-03-18,482.0,0.0,482.0
2017-03-19,0.0,0.0,0.0
2017-03-20,647.0,6.0,647.0
2017-03-21,814.0,0.0,814.0
2017-03-22,108.0,0.0,108.0
2017-03-23,83.0,16.0,83.0
2017-03-24,46.0,0.0,46.0
2017-03-25,0.0,0.0,0.0
2017-03-26,45.0,0.0,45.0
2017-03-27,203.0,0.0,203.0
2017-03-28,396.0,0.0,396.0
2017-03-29,519.0,0.0,519.0
2017-03-30,299.0,-4.0,299.0
2017-03-31,206.0,0.0,206.0
2017-04-01,66.0,0.0,66.0
2017-04-02,0.0,0.0,0.0
2017-04-03,-10.0,10.0,-10.0
2017-04-04,20.0,0.0,20.0
2017-04-05,321.0,0.0,321.0
2017-04-06,94.0,8.0,94.0
2017-04-07,116.0,0.0,116.0
2017-04-08,21.0,0.0,21.0
2017-04-09,17.0,0.0,17.0
2017-04-10,179.0,0.0,179.0
2017-04-11,-34.0,8.0,-34.0
2017-04-12,72.0,0.0,72.0
2017-04-13,139.0,0.0,139.0
2017-04-14,18.0,0.0,18.0
2017-04-15,-13.0,8.0,-13.0
2017-04-16,78.0,0.0,78.0
2017-04-17,-35.0,42.0,-35.0
2017-04-18,168.0,0.0,168.0
2017-04-19,-117.0,0.0,-117.0
2017-04-20,106.0,0.0,106.0
2017-04-21,265.0,0.0,265.0
2017-04-22,90.0,0.0,90.0
2017-04-23,87.0,0.0,87.0
2017-04-24,588.0,14.0,588.0
2017-04-25,457.0,34.0,457.0
2017-04-26,516.0,0.0,516.0
2017-04-27,0.0,0.0,0.0
2017-04-28,0.0,0.0,0.0
2017-04-29,0.0,0.0,0.0
2017-04-30,0.0,0.0,0.0
2017-05-01,0.0,0.0,0.0
2017-05-02,0.0,0.0,0.0
2017-05-03,0.0,0.0,0.0
2017-05-04,0.0,0.0,0.0
2017-05-05,0.0,0.0,0.0
2017-05-06,0.0,0.0,0.0
2017-05-07,0.0,0.0,0.0
2017-05-08,190.0,4.0,190.0
2017-05-09,425.0,0.0,425.0
2017-05-10,196.0,0.0,196.0
2017-05-11,632.0,6.0,632.0
2017-05-12,189.0,0.0,189.0
2017-05-13,16.0,0.0,16.0
2017-05-14,0.0,0.0,0.0
2017-05-15,45.0,0.0,45.0
2017-05-16,42.0,0.0,42.0
2017-05-17,166.0,0.0,166.0
2017-05-18,7.0,4.0,7.0
2017-05-19,190.0,0.0,190.0
2017-05-20,71.0,0.0,71.0
2017-05-21,15.0,0.0,15.0
2017-05-22,330.0,0.0,330.0
2017-05-23,148.0,0.0,148.0
2017-05-24,160.0,6.0,160.0
2017-05-25,384.0,0.0,384.0
2017-05-26,136.0,0.0,136.0
2017-05-27,0.0,0.0,0.0
2017-05-28,-3.0,3.0,-3.0
2017-05-29,29.0,0.0,29.0
2017-05-30,17.0,40.0,17.0
2017-05-31,70.0,0.0,70.0
2017-06-01,374.0,0.0,374.0
2017-06-02,1684.0,0.0,1684.0
2017-06-03,582.0,0.0,582.0
2017-06-04,82.0,0.0,82.0
2017-06-05,433.0,0.0,433.0
2017-06-06,-8.0,0.0,-8.0
2017-06-07,401.0,-2.0,401.0
2017-06-08,495.0,2.0,495.0
2017-06-09,453.0,0.0,453.0
2017-06-10,49.0,0.0,49.0
2017-06-11,42.0,3.0,42.0
2017-06-12,15.0,4.0,15.0
2017-06-13,68.0,0.0,68.0
2017-06-14,134.0,0.0,134.0
2017-06-15,159.0,0.0,159.0
2017-06-16,212.0,0.0,212.0
2017-06-17,0.0,0.0,0.0
2017-06-18,85.0,5.0,85.0
2017-06-19,331.0,0.0,331.0
2017-06-20,896.0,0.0,896.0
2017-06-21,196.0,0.0,196.0
2017-06-22,188.0,4.0,188.0
2017-06-23,544.0,0.0,544.0
2017-06-24,170.0,0.0,170.0
2017-06-25,77.0,0.0,77.0
2017-06-26,1222.0,10.0,1222.0
2017-06-27,337.0,12.0,337.0
2017-06-28,55.0,51.0,55.0
2017-06-29,292.0,0.0,292.0
2017-06-30,-114.0,0.0,-114.0
2017-07-01,0.0,0.0,0.0
2017-07-02,0.0,0.0,0.0
2017-07-03,710.0,0.0,710.0
2017-07-04,114.0,0.0,114.0
2017-07-05,240.0,2.0,240.0
2017-07-06,32.0,0.0,32.0
2017-07-07,68.0,0.0,68.0
2017-07-08,0.0,0.0,0.0
2017-07-09,85.0,0.0,85.0
2017-07-10,364.0,0.0,364.0
2017-07-11,739.0,2.0,739.0
2017-07-12,457.0,0.0,457.0
2017-07-13,596.0,0.0,596.0
2017-07-14,647.0,0.0,647.0
2017-07-15,79.0,0.0,79.0
2017-07-16,-26.0,26.0,-26.0
2017-07-17,446.0,0.0,446.0
2017-07-18,265.0,12.0,265.0
2017-07-19,264.0,0.0,264.0
2017-07-20,129.0,12.0,129.0
2017-07-21,8.0,0.0,8.0
2017-07-22,0.0,0.0,0.0
2017-07-23,0.0,0.0,0.0
2017-07-24,70.0,8.0,70.0
2017-07-25,229.0,4.0,229.0
2017-07-26,96.0,0.0,96.0
2017-07-27,176.0,22.0,176.0
2017-07-28,-100.0,0.0,-100.0
2017-07-29,75.0,0.0,75.0
2017-07-30,-30.0,30.0,-30.0
2017-07-31,436.0,-20.0,436.0
2017-08-01,356.0,0.0,356.0
2017-08-02,704.0,0.0,704.0
2017-08-03,308.0,8.0,308.0
2017-08-04,492.0,0.0,492.0
2017-08-05,0.0,0.0,0.0
2017-08-06,66.0,2.0,66.0
2017-08-07,352.0,1.0,352.0
2017-08-08,184.0,0.0,184.0
2017-08-09,-46.0,0.0,-46.0
2017-08-10,118.0,0.0,118.0
2017-08-11,129.0,0.0,129.0
2017-08-12,0.0,0.0,0.0
2017-08-13,-2.0,2.0,-2.0
2017-08-14,22.0,10.0,22.0
2017-08-15,231.0,0.0,231.0
2017-08-16,4.0,4.0,4.0
2017-08-17,113.0,0.0,113.0
2017-08-18,90.0,0.0,90.0
2017-08-19,0.0,0.0,0.0
2017-08-20,-14.0,14.0,-14.0
2017-08-21,81.0,14.0,81.0
2017-08-22,469.0,0.0,469.0
2017-08-23,405.0,-6.0,405.0
2017-08-24,33.0,12.0,33.0
2017-08-25,325.0,10.0,325.0
2017-08-26,104.0,0.0,104.0
2017-08-27,-6.0,6.0,-6.0
2017-08-28,54.0,2.0,54.0
2017-08-29,91.0,0.0,91.0
2017-08-30,536.0,4.0,536.0
2017-08-31,126.0,12.0,126.0
2017-09-01,390.0,16.0,390.0
2017-09-02,30.0,0.0,30.0
2017-09-03,0.0,0.0,0.0
2017-09-04,264.0,0.0,264.0
2017-09-05,45.0,0.0,45.0
2017-09-06,32.0,0.0,32.0
2017-09-07,158.0,0.0,158.0
2017-09-08,400.0,2.0,400.0
2017-09-09,37.0,0.0,37.0
2017-09-10,0.0,0.0,0.0
2017-09-11,91.0,0.0,91.0
2017-09-12,997.0,5.0,997.0
2017-09-13,38.0,11.0,38.0
2017-09-14,69.0,0.0,69.0
2017-09-15,70.0,0.0,70.0
2017-09-16,0.0,0.0,0.0
2017-09-17,-5.0,5.0,-5.0
2017-09-18,195.0,14.0,195.0
2017-09-19,187.0,2.0,187.0
2017-09-20,81.0,0.0,81.0
2017-09-21,481.0,0.0,481.0
2017-09-22,102.0,1.0,102.0
2017-09-23,44.0,0.0,44.0
2017-09-24,0.0,0.0,0.0
2017-09-25,42.0,0.0,42.0
2017-09-26,-3.0,0.0,-3.0
2017-09-27,140.0,0.0,140.0
2017-09-28,20.0,1.0,20.0
2017-09-29,674.0,4.0,674.0
2017-09-30,1182.0,0.0,1182.0
2017-10-01,0.0,0.0,0.0
2017-10-02,596.0,0.0,596.0
2017-10-03,844.0,0.0,844.0
2017-10-04,474.0,0.0,474.0
2017-10-05,882.0,0.0,882.0
2017-10-06,280.0,0.0,280.0
2017-10-07,218.0,0.0,218.0
2017-10-08,78.0,0.0,78.0
2017-10-09,87.0,0.0,87.0
2017-10-10,13.0,0.0,13.0
2017-10-11,1091.0,8.0,1091.0
2017-10-12,988.0,6.0,988.0
2017-10-13,697.0,0.0,697.0
2017-10-14,0.0,0.0,0.0
2017-10-15,133.0,0.0,133.0
2017-10-16,292.0,0.0,292.0
2017-10-17,321.0,3.0,321.0
2017-10-18,633.0,0.0,633.0
2017-10-19,598.0,0.0,598.0
2017-10-20,532.0,0.0,532.0
2017-10-21,157.0,0.0,157.0
2017-10-22,0.0,0.0,0.0
2017-10-23,362.0,3.0,362.0
2017-10-24,398.0,0.0,398.0
2017-10-25,184.0,0.0,184.0
2017-10-26,72.0,0.0,72.0
2017-10-27,167.0,0.0,167.0
2017-10-28,25.0,0.0,25.0
2017-10-29,-8.0,8.0,-8.0
2017-10-30,772.0,64.0,772.0
2017-10-31,1272.0,6.0,1272.0
2017-11-01,74.0,6.0,74.0
2017-11-02,64.0,0.0,64.0
2017-11-03,390.0,0.0,390.0
2017-11-04,144.0,2.0,144.0
2017-11-05,286.0,0.0,286.0
2017-11-06,257.0,2.0,257.0
2017-11-07,494.0,0.0,494.0
2017-11-08,299.0,14.0,299.0
2017-11-09,35.0,3.0,35.0
2017-11-10,421.0,0.0,421.0
2017-11-11,134.0,0.0,134.0
2017-11-12,-2.0,2.0,-2.0
2017-11-13,212.0,0.0,212.0
2017-11-14,37.0,0.0,37.0
2017-11-15,128.0,6.0,128.0
2017-11-16,190.0,0.0,190.0
2017-11-17,457.0,0.0,457.0
2017-11-18,35.0,0.0,35.0
2017-11-19,0.0,0.0,0.0
2017-11-20,292.0,0.0,292.0
2017-11-21,139.0,2.0,139.0
2017-11-22,416.0,0.0,416.0
2017-11-23,302.0,10.0,302.0
2017-11-24,221.0,0.0,221.0
2017-11-25,0.0,0.0,0.0
2017-11-26,202.0,0.0,202.0
2017-11-27,149.0,14.0,149.0
2017-11-28,7.0,14.0,7.0
2017-11-29,330.0,16.0,330.0
2017-11-30,-408.0,0.0,-408.0
2017-12-01,-44.0,0.0,-44.0
2017-12-02,0.0,0.0,0.0
2017-12-03,-8.0,8.0,-8.0
2017-12-04,224.0,4.0,224.0
2017-12-05,-33.0,0.0,-33.0
2017-12-06,-114.0,0.0,-114.0
2017-12-07,228.0,0.0,228.0
2017-12-08,432.0,0.0,432.0
2017-12-09,321.0,0.0,321.0
2017-12-10,0.0,0.0,0.0
2017-12-11,131.0,0.0,131.0
2017-12-12,51.0,0.0,51.0
2017-12-13,115.0,0.0,115.0
2017-12-14,183.0,0.0,183.0
2017-12-15,-182.0,0.0,-182.0
2017-12-16,0.0,0.0,0.0
2017-12-17,0.0,0.0,0.0
2017-12-18,143.0,0.0,143.0
2017-12-19,-76.0,0.0,-76.0
2017-12-20,211.0,0.0,211.0
2017-12-21,196.0,12.0,196.0
2017-12-22,322.0,0.0,322.0
2017-12-23,117.0,0.0,117.0
2017-12-24,3.0,8.0,3.0
2017-12-25,6.0,0.0,6.0
2017-12-26,-57.0,0.0,-57.0
2017-12-27,217.0,4.0,217.0
2017-12-28,327.0,0.0,327.0
2017-12-29,1214.0,0.0,1214.0
2017-12-30,150.0,0.0,150.0
2017-12-31,0.0,0.0,0.0
2018-01-01,0.0,0.0,0.0
2018-01-02,1660.0,2.0,1660.0
2018-01-03,1350.0,12.0,1350.0
2018-01-04,340.0,0.0,340.0
2018-01-05,193.0,0.0,193.0
2018-01-06,-1.0,1.0,-1.0
2018-01-07,78.0,3.0,78.0
2018-01-08,354.0,0.0,354.0
2018-01-09,22.0,-4.0,22.0
2018-01-10,492.0,2.0,492.0
2018-01-11,193.0,0.0,193.0
2018-01-12,294.0,0.0,294.0
2018-01-13,0.0,0.0,0.0
2018-01-14,0.0,0.0,0.0
2018-01-15,465.0,0.0,465.0
2018-01-16,203.0,0.0,203.0
2018-01-17,413.0,0.0,413.0
2018-01-18,956.0,0.0,956.0
2018-01-19,1016.0,12.0,1016.0
2018-01-20,881.0,0.0,881.0
2018-01-21,41.0,4.0,41.0
2018-01-22,1623.0,0.0,1623.0
2018-01-23,446.0,0.0,446.0
2018-01-24,482.0,0.0,482.0
2018-01-25,364.0,0.0,364.0
2018-01-26,509.0,4.0,509.0
2018-01-27,406.0,0.0,406.0
2018-01-28,24.0,20.0,24.0
2018-01-29,622.0,0.0,622.0
2018-01-30,55.0,8.0,55.0
2018-01-31,704.0,0.0,704.0
2018-02-01,462.0,0.0,462.0
2018-02-02,396.0,0.0,396.0
2018-02-03,0.0,0.0,0.0
2018-02-04,0.0,0.0,0.0
2018-02-05,-64.0,0.0,-64.0
2018-02-06,167.0,0.0,167.0
2018-02-07,171.0,0.0,171.0
2018-02-08,155.0,0.0,155.0
2018-02-09,-91.0,0.0,-91.0
2018-02-10,26.0,0.0,26.0
2018-02-11,0.0,0.0,0.0
2018-02-12,367.0,0.0,367.0
2018-02-13,103.0,2.0,103.0
2018-02-14,3.0,0.0,3.0
2018-02-15,0.0,0.0,0.0
2018-02-16,0.0,0.0,0.0
2018-02-17,0.0,0.0,0.0
2018-02-18,0.0,0.0,0.0
2018-02-19,0.0,0.0,0.0
2018-02-20,-8.0,8.0,-8.0
2018-02-21,110.0,0.0,110.0
2018-02-22,40.0,0.0,40.0
2018-02-23,225.0,0.0,225.0
2018-02-24,0.0,0.0,0.0
2018-02-25,0.0,0.0,0.0
2018-02-26,541.0,0.0,541.0
2018-02-27,36.0,0.0,36.0
2018-02-28,-20.0,20.0,-20.0
2018-03-01,316.0,0.0,316.0
2018-03-02,-80.0,0.0,-80.0
2018-03-03,0.0,0.0,0.0
2018-03-04,-6.0,6.0,-6.0
2018-03-05,181.0,0.0,181.0
2018-03-06,245.0,0.0,245.0
2018-03-07,152.0,0.0,152.0
2018-03-08,375.0,0.0,375.0
2018-03-09,186.0,0.0,186.0
2018-03-10,105.0,1.0,105.0
2018-03-11,16.0,4.0,16.0
2018-03-12,505.0,0.0,505.0
2018-03-13,195.0,0.0,195.0
2018-03-14,251.0,0.0,251.0
2018-03-15,79.0,0.0,79.0
2018-03-16,79.0,0.0,79.0
2018-03-17,0.0,0.0,0.0
2018-03-18,0.0,0.0,0.0
2018-03-19,289.0,0.0,289.0
2018-03-20,142.0,0.0,142.0
2018-03-21,107.0,0.0,107.0
2018-03-22,41.0,0.0,41.0
2018-03-23,-154.0,0.0,-154.0
2018-03-24,0.0,0.0,0.0
2018-03-25,0.0,0.0,0.0
2018-03-26,168.0,0.0,168.0
2018-03-27,395.0,0.0,395.0
2018-03-28,84.0,0.0,84.0
2018-03-29,-74.0,0.0,-74.0
2018-03-30,702.0,0.0,702.0
2018-03-31,172.0,0.0,172.0
2018-04-01,0.0,0.0,0.0
2018-04-02,206.0,0.0,206.0
2018-04-03,174.0,12.0,174.0
2018-04-04,88.0,0.0,88.0
2018-04-05,0.0,0.0,0.0
2018-04-06,0.0,0.0,0.0
2018-04-07,0.0,0.0,0.0
2018-04-08,45.0,0.0,45.0
2018-04-09,52.0,0.0,52.0
2018-04-10,402.0,0.0,402.0
2018-04-11,203.0,0.0,203.0
2018-04-12,-14.0,0.0,-14.0
2018-04-13,161.0,0.0,161.0
2018-04-14,96.0,0.0,96.0
2018-04-15,0.0,0.0,0.0
2018-04-16,263.0,-1.0,263.0
2018-04-17,82.0,0.0,82.0
2018-04-18,157.0,0.0,157.0
2018-04-19,262.0,0.0,262.0
2018-04-20,-84.0,0.0,-84.0
2018-04-21,-35.0,0.0,-35.0
2018-04-22,0.0,0.0,0.0
2018-04-23,-75.0,0.0,-75.0
2018-04-24,-20.0,0.0,-20.0
2018-04-25,-68.0,0.0,-68.0
2018-04-26,25.0,26.0,25.0
2018-04-27,230.0,0.0,230.0
2018-04-28,0.0,0.0,0.0
2018-04-29,0.0,0.0,0.0
2018-04-30,0.0,0.0,0.0
2018-05-01,0.0,0.0,0.0
2018-05-02,672.0,0.0,672.0
2018-05-03,60.0,0.0,60.0
2018-05-04,270.0,0.0,270.0
2018-05-05,0.0,0.0,0.0
2018-05-06,-7.0,7.0,-7.0
2018-05-07,250.0,10.0,250.0
2018-05-08,423.0,0.0,423.0
2018-05-09,126.0,2.0,126.0
2018-05-10,294.0,0.0,294.0
2018-05-11,204.0,0.0,204.0
2018-05-12,0.0,0.0,0.0
2018-05-13,0.0,0.0,0.0
2018-05-14,243.0,0.0,243.0
2018-05-15,144.0,2.0,144.0
2018-05-16,455.0,1.0,455.0
2018-05-17,124.0,4.0,124.0
2018-05-18,17.0,0.0,17.0
2018-05-19,0.0,0.0,0.0
2018-05-20,-1.0,1.0,-1.0
2018-05-21,451.0,0.0,451.0
2018-05-22,423.0,0.0,423.0
2018-05-23,110.0,22.0,110.0
2018-05-24,311.0,2.0,311.0
2018-05-25,79.0,0.0,79.0
2018-05-26,5.0,0.0,5.0
2018-05-27,0.0,0.0,0.0
2018-05-28,65.0,0.0,65.0
2018-05-29,3.0,0.0,3.0
2018-05-30,-178.0,0.0,-178.0
2018-05-31,-8.0,12.0,-8.0
2018-06-01,388.0,0.0,388.0
2018-06-02,0.0,0.0,0.0
2018-06-03,258.0,0.0,258.0
2018-06-04,1422.0,0.0,1422.0
2018-06-05,354.0,0.0,354.0
2018-06-06,453.0,0.0,453.0
2018-06-07,76.0,0.0,76.0
2018-06-08,-16.0,0.0,-16.0
2018-06-09,0.0,0.0,0.0
2018-06-10,0.0,0.0,0.0
2018-06-11,72.0,7.0,72.0
2018-06-12,324.0,0.0,324.0
2018-06-13,260.0,4.0,260.0
2018-06-14,30.0,-4.0,30.0
2018-06-15,236.0,0.0,236.0
2018-06-16,0.0,0.0,0.0
2018-06-17,0.0,0.0,0.0
2018-06-18,31.0,4.0,31.0
2018-06-19,-18.0,0.0,-18.0
2018-06-20,75.0,0.0,75.0
2018-06-21,281.0,6.0,281.0
2018-06-22,50.0,0.0,50.0
2018-06-23,-5.0,0.0,-5.0
2018-06-24,-5.0,0.0,-5.0
2018-06-25,-43.0,0.0,-43.0
2018-06-26,-263.0,0.0,-263.0
2018-06-27,-2.0,0.0,-2.0
2018-06-28,23.0,0.0,23.0
2018-06-29,626.0,0.0,626.0
2018-06-30,22.0,0.0,22.0
2018-07-01,0.0,0.0,0.0
2018-07-02,410.0,0.0,410.0
2018-07-03,332.0,0.0,332.0
2018-07-04,254.0,2.0,254.0
2018-07-05,104.0,0.0,104.0
2018-07-06,0.0,0.0,0.0
2018-07-07,0.0,0.0,0.0
2018-07-08,0.0,0.0,0.0
2018-07-09,0.0,0.0,0.0
2018-07-10,0.0,0.0,0.0
2018-07-11,0.0,0.0,0.0
2018-07-12,0.0,0.0,0.0
2018-07-13,158.0,0.0,158.0
2018-07-14,224.0,0.0,224.0
2018-07-15,86.0,0.0,86.0
2018-07-16,148.0,0.0,148.0
2018-07-17,-25.0,0.0,-25.0
2018-07-18,277.0,0.0,277.0
2018-07-19,453.0,0.0,453.0
2018-07-20,1034.0,0.0,1034.0
2018-07-21,248.0,0.0,248.0
2018-07-22,67.0,0.0,67.0
2018-07-23,532.0,0.0,532.0
2018-07-24,255.0,0.0,255.0
2018-07-25,40.0,0.0,40.0
2018-07-26,311.0,0.0,311.0
2018-07-27,474.0,0.0,474.0
2018-07-28,0.0,0.0,0.0
2018-07-29,-14.0,14.0,-14.0
2018-07-30,410.0,-2.0,410.0
2018-07-31,52.0,-4.0,52.0
2018-08-01,1132.0,0.0,1132.0
2018-08-02,8.0,8.0,8.0
2018-08-03,460.0,0.0,460.0
2018-08-04,100.0,0.0,100.0
2018-08-05,72.0,0.0,72.0
2018-08-06,55.0,0.0,55.0
2018-08-07,3.0,8.0,3.0
2018-08-08,436.0,0.0,436.0
2018-08-09,91.0,0.0,91.0
2018-08-10,58.0,0.0,58.0
2018-08-11,141.0,0.0,141.0
2018-08-12,0.0,0.0,0.0
2018-08-13,-106.0,2.0,-106.0
2018-08-14,266.0,4.0,266.0
2018-08-15,90.0,0.0,90.0
2018-08-16,29.0,0.0,29.0
2018-08-17,36.0,0.0,36.0
2018-08-18,0.0,0.0,0.0
2018-08-19,0.0,0.0,0.0
2018-08-20,130.0,3.0,130.0
2018-08-21,307.0,0.0,307.0
2018-08-22,106.0,4.0,106.0
2018-08-23,228.0,0.0,228.0
2018-08-24,96.0,0.0,96.0
2018-08-25,0.0,0.0,0.0
2018-08-26,0.0,0.0,0.0
2018-08-27,167.0,6.0,167.0
2018-08-28,545.0,6.0,545.0
2018-08-29,704.0,0.0,704.0
2018-08-30,658.0,0.0,658.0
2018-08-31,316.0,12.0,316.0
2018-09-01,296.0,0.0,296.0
2018-09-02,50.0,0.0,50.0
2018-09-03,440.0,12.0,440.0
2018-09-04,256.0,14.0,256.0
2018-09-05,698.0,19.0,698.0
2018-09-06,335.0,0.0,335.0
2018-09-07,141.0,0.0,141.0
2018-09-08,0.0,0.0,0.0
2018-09-09,112.0,0.0,112.0
2018-09-10,294.0,4.0,294.0
2018-09-11,179.0,0.0,179.0
2018-09-12,86.0,2.0,86.0
2018-09-13,2.0,0.0,2.0
2018-09-14,183.0,0.0,183.0
2018-09-15,0.0,0.0,0.0
2018-09-16,49.0,24.0,49.0
2018-09-17,79.0,-10.0,79.0
2018-09-18,-71.0,4.0,-71.0
2018-09-19,482.0,2.0,482.0
2018-09-20,72.0,0.0,72.0
2018-09-21,123.0,0.0,123.0
2018-09-22,0.0,0.0,0.0
2018-09-23,0.0,0.0,0.0
2018-09-24,-1.0,1.0,-1.0
2018-09-25,71.0,6.0,71.0
2018-09-26,124.0,0.0,124.0
2018-09-27,504.0,-8.0,504.0
2018-09-28,158.0,0.0,158.0
2018-09-29,0.0,0.0,0.0
2018-09-30,2.0,-2.0,2.0
2018-10-01,462.0,0.0,462.0
2018-10-02,340.0,-4.0,340.0
2018-10-03,-110.0,0.0,-110.0
2018-10-04,445.0,0.0,445.0
2018-10-05,-121.0,0.0,-121.0
2018-10-06,-22.0,22.0,-22.0
2018-10-07,39.0,0.0,39.0
2018-10-08,-52.0,1.0,-52.0
2018-10-09,203.0,0.0,203.0
2018-10-10,264.0,0.0,264.0
2018-10-11,-8.0,0.0,-8.0
2018-10-12,318.0,0.0,318.0
2018-10-13,0.0,0.0,0.0
2018-10-14,-6.0,6.0,-6.0
2018-10-15,467.0,0.0,467.0
2018-10-16,629.0,2.0,629.0
2018-10-17,310.0,0.0,310.0
2018-10-18,556.0,0.0,556.0
2018-10-19,639.0,0.0,639.0
2018-10-20,204.0,0.0,204.0
2018-10-21,383.0,0.0,383.0
2018-10-22,153.0,5.0,153.0
2018-10-23,-3.0,0.0,-3.0
2018-10-24,136.0,0.0,136.0
2018-10-25,-305.0,38.0,-305.0
2018-10-26,106.0,0.0,106.0
2018-10-27,-4.0,4.0,-4.0
2018-10-28,76.0,0.0,76.0
2018-10-29,158.0,13.0,158.0
2018-10-30,24.0,40.0,24.0
2018-10-31,2056.0,12.0,2056.0
2018-11-01,196.0,0.0,196.0
2018-11-02,218.0,0.0,218.0
2018-11-03,158.0,0.0,158.0
2018-11-04,0.0,0.0,0.0
2018-11-05,0.0,0.0,0.0
2018-11-06,187.0,0.0,187.0
2018-11-07,180.0,0.0,180.0
2018-11-08,79.0,0.0,79.0
2018-11-09,121.0,0.0,121.0
2018-11-10,173.0,0.0,173.0
2018-11-11,-2.0,2.0,-2.0
2018-11-12,471.0,16.0,471.0
2018-11-13,134.0,0.0,134.0
2018-11-14,22.0,0.0,22.0
2018-11-15,-7.0,0.0,-7.0
2018-11-16,88.0,0.0,88.0
2018-11-17,0.0,0.0,0.0
2018-11-18,2.0,0.0,2.0
2018-11-19,179.0,2.0,179.0
2018-11-20,-79.0,4.0,-79.0
2018-11-21,169.0,0.0,169.0
2018-11-22,-49.0,0.0,-49.0
2018-11-23,137.0,0.0,137.0
2018-11-24,0.0,0.0,0.0
2018-11-25,0.0,0.0,0.0
2018-11-26,342.0,0.0,342.0
2018-11-27,240.0,-2.0,240.0
2018-11-28,233.0,32.0,233.0
2018-11-29,579.0,0.0,579.0
2018-11-30,40.0,0.0,40.0
2018-12-01,298.0,0.0,298.0
2018-12-02,0.0,0.0,0.0
2018-12-03,702.0,0.0,702.0
2018-12-04,182.0,0.0,182.0
2018-12-05,-219.0,0.0,-219.0
2018-12-06,271.0,0.0,271.0
2018-12-07,216.0,0.0,216.0
2018-12-08,0.0,0.0,0.0
2018-12-09,0.0,0.0,0.0
2018-12-10,168.0,0.0,168.0
2018-12-11,323.0,-3.0,323.0
2018-12-12,342.0,3.0,342.0
2018-12-13,238.0,0.0,238.0
2018-12-14,-84.0,4.0,-84.0
2018-12-15,23.0,0.0,23.0
2018-12-16,-41.0,0.0,-41.0
2018-12-17,27.0,0.0,27.0
2018-12-18,13.0,6.0,13.0
2018-12-19,290.0,-4.0,290.0
2018-12-20,141.0,0.0,141.0
2018-12-21,123.0,0.0,123.0
2018-12-22,-25.0,0.0,-25.0
2018-12-23,0.0,0.0,0.0
2018-12-24,155.0,0.0,155.0
2018-12-25,44.0,0.0,44.0
2018-12-26,13.0,6.0,13.0
2018-12-27,468.0,0.0,468.0
2018-12-28,256.0,0.0,256.0
2018-12-29,-24.0,0.0,-24.0
2018-12-30,0.0,0.0,0.0
2018-12-31,0.0,0.0,0.0
2019-01-01,150.0,12.0,150.0
2019-01-02,22.0,4.0,22.0
2019-01-03,-56.0,-24.0,-56.0
2019-01-04,-878.0,0.0,-878.0
2019-01-05,0.0,0.0,0.0
2019-01-06,14.0,-24.0,14.0
2019-01-07,108.0,-11.0,108.0
2019-01-08,-26.0,-10.0,-26.0
2019-01-09,359.0,0.0,359.0
2019-01-10,258.0,2.0,258.0
2019-01-11,314.0,0.0,314.0
2019-01-12,-10.0,0.0,-10.0
2019-01-13,236.0,-4.0,236.0
2019-01-14,80.0,0.0,80.0
2019-01-15,193.0,0.0,193.0
2019-01-16,11.0,0.0,11.0
2019-01-17,386.0,0.0,386.0
2019-01-18,246.0,18.0,246.0
2019-01-19,79.0,0.0,79.0
2019-01-20,169.0,0.0,169.0
2019-01-21,402.0,-1.0,402.0
2019-01-22,110.0,0.0,110.0
2019-01-23,13.0,0.0,13.0
2019-01-24,93.0,0.0,93.0
2019-01-25,493.0,0.0,493.0
2019-01-26,151.0,0.0,151.0
2019-01-27,-8.0,8.0,-8.0
2019-01-28,624.0,0.0,624.0
2019-01-29,-105.0,0.0,-105.0
2019-01-30,50.0,0.0,50.0
2019-01-31,0.0,0.0,0.0
2019-02-01,0.0,0.0,0.0
2019-02-02,0.0,0.0,0.0
2019-02-03,0.0,0.0,0.0
2019-02-04,0.0,0.0,0.0
2019-02-05,0.0,0.0,0.0
2019-02-06,0.0,0.0,0.0
2019-02-07,0.0,0.0,0.0
2019-02-08,0.0,0.0,0.0
2019-02-09,-2.0,2.0,-2.0
2019-02-10,25.0,0.0,25.0
2019-02-11,855.0,0.0,855.0
2019-02-12,164.0,0.0,164.0
2019-02-13,375.0,0.0,375.0
2019-02-14,135.0,0.0,135.0
2019-02-15,-251.0,0.0,-251.0
2019-02-16,20.0,0.0,20.0
2019-02-17,0.0,0.0,0.0
2019-02-18,429.0,30.0,429.0
2019-02-19,367.0,2.0,367.0
2019-02-20,896.0,4.0,896.0
2019-02-21,129.0,0.0,129.0
2019-02-22,105.0,0.0,105.0
2019-02-23,93.0,0.0,93.0
2019-02-24,233.0,0.0,233.0
2019-02-25,535.0,0.0,535.0
2019-02-26,222.0,-4.0,222.0
2019-02-27,296.0,0.0,296.0
2019-02-28,0.0,0.0,0.0
2019-03-01,0.0,0.0,0.0
2019-03-02,0.0,0.0,0.0
2019-03-03,74.0,32.0,74.0
2019-03-04,72.0,2.0,72.0
2019-03-05,-68.0,2.0,-68.0
2019-03-06,157.0,0.0,157.0
2019-03-07,34.0,0.0,34.0
2019-03-08,-82.0,0.0,-82.0
2019-03-09,-19.0,0.0,-19.0
2019-03-10,0.0,0.0,0.0
2019-03-11,143.0,1.0,143.0
2019-03-12,268.0,4.0,268.0
2019-03-13,248.0,0.0,248.0
2019-03-14,80.0,0.0,80.0
2019-03-15,73.0,0.0,73.0
2019-03-16,0.0,0.0,0.0
2019-03-17,-8.0,8.0,-8.0
2019-03-18,301.0,10.0,301.0
2019-03-19,144.0,0.0,144.0
2019-03-20,433.0,0.0,433.0
2019-03-21,203.0,0.0,203.0
2019-03-22,84.0,0.0,84.0
2019-03-23,33.0,0.0,33.0
2019-03-24,32.0,3.0,32.0
2019-03-25,66.0,-14.0,66.0
2019-03-26,95.0,0.0,95.0
2019-03-27,64.0,0.0,64.0
2019-03-28,-82.0,0.0,-82.0
2019-03-29,108.0,0.0,108.0
2019-03-30,-16.0,16.0,-16.0
2019-03-31,402.0,0.0,402.0
2019-04-01,446.0,12.0,446.0
2019-04-02,454.0,0.0,454.0
2019-04-03,626.0,0.0,626.0
2019-04-04,116.0,0.0,116.0
2019-04-05,97.0,0.0,97.0
2019-04-06,34.0,0.0,34.0
2019-04-07,25.0,0.0,25.0
2019-04-08,317.0,16.0,317.0
2019-04-09,52.0,0.0,52.0
2019-04-10,318.0,0.0,318.0
2019-04-11,17.0,0.0,17.0
2019-04-12,30.0,0.0,30.0
2019-04-13,0.0,0.0,0.0
2019-04-14,83.0,0.0,83.0
2019-04-15,640.0,0.0,640.0
2019-04-16,268.0,0.0,268.0
2019-04-17,1050.0,0.0,1050.0
2019-04-18,433.0,0.0,433.0
2019-04-19,478.0,0.0,478.0
2019-04-20,107.0,0.0,107.0
2019-04-21,374.0,0.0,374.0
2019-04-22,115.0,4.0,115.0
2019-04-23,435.0,3.0,435.0
2019-04-24,825.0,-6.0,825.0
2019-04-25,95.0,-26.0,95.0
2019-04-26,-236.0,0.0,-236.0
2019-04-27,31.0,0.0,31.0
2019-04-28,-1.0,1.0,-1.0
2019-04-29,-42.0,0.0,-42.0
2019-04-30,166.0,0.0,166.0
2019-05-01,-4.0,4.0,-4.0
2019-05-02,660.0,0.0,660.0
2019-05-03,444.0,10.0,444.0
2019-05-04,330.0,0.0,330.0
2019-05-05,0.0,0.0,0.0
2019-05-06,155.0,0.0,155.0
2019-05-07,318.0,0.0,318.0
2019-05-08,-66.0,10.0,-66.0
2019-05-09,-27.0,0.0,-27.0
2019-05-10,85.0,0.0,85.0
2019-05-11,72.0,0.0,72.0
2019-05-12,0.0,0.0,0.0
2019-05-13,140.0,18.0,140.0
2019-05-14,128.0,0.0,128.0
2019-05-15,142.0,0.0,142.0
2019-05-16,-20.0,-4.0,-20.0
2019-05-17,-54.0,0.0,-54.0
2019-05-18,98.0,0.0,98.0
2019-05-19,1.0,-1.0,1.0
2019-05-20,-75.0,4.0,-75.0
2019-05-21,0.0,4.0,0.0
2019-05-22,510.0,0.0,510.0
2019-05-23,84.0,8.0,84.0
2019-05-24,100.0,4.0,100.0
2019-05-25,167.0,0.0,167.0
2019-05-26,97.0,0.0,97.0
2019-05-27,101.0,4.0,101.0
2019-05-28,15.0,0.0,15.0
2019-05-29,-73.0,0.0,-73.0
2019-05-30,164.0,4.0,164.0
2019-05-31,566.0,0.0,566.0
2019-06-01,142.0,0.0,142.0
2019-06-02,0.0,0.0,0.0
2019-06-03,278.0,0.0,278.0
2019-06-04,56.0,0.0,56.0
2019-06-05,445.0,0.0,445.0
2019-06-06,-25.0,0.0,-25.0
2019-06-07,7.0,0.0,7.0
2019-06-08,17.0,0.0,17.0
2019-06-09,9.0,6.0,9.0
2019-06-10,370.0,0.0,370.0
2019-06-11,1117.0,0.0,1117.0
2019-06-12,218.0,4.0,218.0
2019-06-13,-112.0,0.0,-112.0
2019-06-14,11.0,0.0,11.0
2019-06-15,0.0,0.0,0.0
2019-06-16,20.0,0.0,20.0
2019-06-17,127.0,0.0,127.0
2019-06-18,86.0,0.0,86.0
2019-06-19,569.0,0.0,569.0
2019-06-20,151.0,0.0,151.0
2019-06-21,285.0,0.0,285.0
2019-06-22,70.0,0.0,70.0
2019-06-23,101.0,0.0,101.0
2019-06-24,176.0,0.0,176.0
2019-06-25,-13.0,0.0,-13.0
2019-06-26,-171.0,0.0,-171.0
2019-06-27,62.0,0.0,62.0
2019-06-28,56.0,0.0,56.0
2019-06-29,56.0,0.0,56.0
2019-06-30,-12.0,12.0,-12.0
2019-07-01,1084.0,0.0,1084.0
2019-07-02,338.0,8.0,338.0
2019-07-03,-183.0,5.0,-183.0
2019-07-04,303.0,0.0,303.0
2019-07-05,53.0,0.0,53.0
2019-07-06,-5.0,5.0,-5.0
2019-07-07,90.0,-6.0,90.0
2019-07-08,132.0,0.0,132.0
2019-07-09,-17.0,0.0,-17.0
2019-07-10,922.0,12.0,922.0
2019-07-11,791.0,0.0,791.0
2019-07-12,211.0,0.0,211.0
2019-07-13,40.0,0.0,40.0
2019-07-14,469.0,18.0,469.0
2019-07-15,278.0,0.0,278.0
2019-07-16,356.0,0.0,356.0
2019-07-17,115.0,0.0,115.0
2019-07-18,619.0,0.0,619.0
2019-07-19,1293.0,0.0,1293.0
2019-07-20,517.0,0.0,517.0
2019-07-21,204.0,10.0,204.0
2019-07-22,999.0,16.0,999.0
2019-07-23,795.0,6.0,795.0
2019-07-24,558.0,0.0,558.0
2019-07-25,12.0,0.0,12.0
2019-07-26,335.0,0.0,335.0
2019-07-27,0.0,0.0,0.0
2019-07-28,0.0,0.0,0.0
2019-07-29,460.0,-32.0,460.0
2019-07-30,228.0,0.0,228.0
2019-07-31,0.0,0.0,0.0
2019-08-01,-122.0,0.0,-122.0
2019-08-02,-438.0,0.0,-438.0
2019-08-03,6.0,-6.0,6.0
2019-08-04,101.0,0.0,101.0
2019-08-05,103.0,2.0,103.0
2019-08-06,546.0,0.0,546.0
2019-08-07,57.0,18.0,57.0
2019-08-08,232.0,0.0,232.0
2019-08-09,0.0,0.0,0.0
2019-08-10,0.0,0.0,0.0
2019-08-11,0.0,0.0,0.0
2019-08-12,400.0,22.0,400.0
2019-08-13,15.0,0.0,15.0
2019-08-14,397.0,0.0,397.0
2019-08-15,-82.0,0.0,-82.0
2019-08-16,149.0,0.0,149.0
2019-08-17,0.0,0.0,0.0
2019-08-18,55.0,4.0,55.0
2019-08-19,63.0,12.0,63.0
2019-08-20,382.0,0.0,382.0
2019-08-21,107.0,16.0,107.0
2019-08-22,192.0,20.0,192.0
2019-08-23,32.0,0.0,32.0
2019-08-24,5.0,0.0,5.0
2019-08-25,0.0,0.0,0.0
2019-08-26,-174.0,8.0,-174.0
2019-08-27,380.0,0.0,380.0
2019-08-28,424.0,0.0,424.0
2019-08-29,286.0,4.0,286.0
2019-08-30,978.0,0.0,978.0
2019-08-31,226.0,0.0,226.0
2019-09-01,412.0,0.0,412.0
2019-09-02,232.0,0.0,232.0
2019-09-03,294.0,0.0,294.0
2019-09-04,890.0,0.0,890.0
2019-09-05,425.0,0.0,425.0
2019-09-06,369.0,0.0,369.0
2019-09-07,11.0,0.0,11.0
2019-09-08,0.0,0.0,0.0
2019-09-09,392.0,0.0,392.0
2019-09-10,512.0,0.0,512.0
2019-09-11,498.0,-2.0,498.0
2019-09-12,93.0,0.0,93.0
2019-09-13,30.0,0.0,30.0
2019-09-14,0.0,0.0,0.0
2019-09-15,8.0,2.0,8.0
2019-09-16,172.0,0.0,172.0
2019-09-17,332.0,4.0,332.0
2019-09-18,628.0,12.0,628.0
2019-09-19,505.0,4.0,505.0
2019-09-20,295.0,0.0,295.0
2019-09-21,47.0,0.0,47.0
2019-09-22,43.0,0.0,43.0
2019-09-23,253.0,0.0,253.0
2019-09-24,162.0,0.0,162.0
2019-09-25,-166.0,0.0,-166.0
2019-09-26,608.0,0.0,608.0
2019-09-27,871.0,0.0,871.0
2019-09-28,594.0,0.0,594.0
2019-09-29,334.0,0.0,334.0
2019-09-30,0.0,0.0,0.0
2019-10-01,2550.0,0.0,2550.0
2019-10-02,1092.0,0.0,1092.0
2019-10-03,276.0,0.0,276.0
2019-10-04,670.0,0.0,670.0
2019-10-05,280.0,0.0,280.0
2019-10-06,0.0,0.0,0.0
2019-10-07,495.0,7.0,495.0
2019-10-08,1262.0,0.0,1262.0
2019-10-09,516.0,0.0,516.0
2019-10-10,0.0,0.0,0.0
2019-10-11,0.0,0.0,0.0
2019-10-12,-21.0,21.0,-21.0
2019-10-13,433.0,0.0,433.0
2019-10-14,645.0,1.0,645.0
2019-10-15,1188.0,0.0,1188.0
2019-10-16,1253.0,0.0,1253.0
2019-10-17,1149.0,0.0,1149.0
2019-10-18,915.0,0.0,915.0
2019-10-19,0.0,0.0,0.0
2019-10-20,45.0,0.0,45.0
2019-10-21,1041.0,0.0,1041.0
2019-10-22,675.0,2.0,675.0
2019-10-23,249.0,8.0,249.0
2019-10-24,346.0,0.0,346.0
2019-10-25,238.0,0.0,238.0
2019-10-26,5.0,0.0,5.0
2019-10-27,126.0,0.0,126.0
2019-10-28,1143.0,0.0,1143.0
2019-10-29,1287.0,0.0,1287.0
2019-10-30,702.0,0.0,702.0
2019-10-31,1224.0,0.0,1224.0
2019-11-01,760.0,0.0,760.0
2019-11-02,1372.0,0.0,1372.0
2019-11-03,102.0,0.0,102.0
2019-11-04,2641.0,3.0,2641.0
2019-11-05,1006.0,14.0,1006.0
2019-11-06,960.0,-6.0,960.0
2019-11-07,261.0,0.0,261.0
2019-11-08,468.0,0.0,468.0
2019-11-09,175.0,0.0,175.0
2019-11-10,110.0,0.0,110.0
2019-11-11,-8.0,0.0,-8.0
2019-11-12,419.0,0.0,419.0
2019-11-13,9.0,0.0,9.0
2019-11-14,-1.0,0.0,-1.0
2019-11-15,304.0,0.0,304.0
2019-11-16,0.0,0.0,0.0
2019-11-17,-20.0,20.0,-20.0
2019-11-18,570.0,14.0,570.0
2019-11-19,868.0,14.0,868.0
2019-11-20,243.0,0.0,243.0
2019-11-21,-77.0,0.0,-77.0
2019-11-22,284.0,0.0,284.0
2019-11-23,258.0,0.0,258.0
2019-11-24,10.0,0.0,10.0
2019-11-25,660.0,5.0,660.0
2019-11-26,268.0,0.0,268.0
2019-11-27,614.0,5.0,614.0
2019-11-28,322.0,0.0,322.0
2019-11-29,544.0,0.0,544.0
2019-11-30,0.0,0.0,0.0
2019-12-01,0.0,0.0,0.0
2019-12-02,1182.0,0.0,1182.0
2019-12-03,68.0,14.0,68.0
2019-12-04,616.0,0.0,616.0
2019-12-05,782.0,6.0,782.0
2019-12-06,626.0,0.0,626.0
2019-12-07,243.0,0.0,243.0
2019-12-08,0.0,0.0,0.0
2019-12-09,1070.0,4.0,1070.0
2019-12-10,363.0,0.0,363.0
2019-12-11,1849.0,0.0,1849.0
2019-12-12,1407.0,0.0,1407.0
2019-12-13,1786.0,0.0,1786.0
2019-12-14,4.0,16.0,4.0
2019-12-15,345.0,0.0,345.0
2019-12-16,972.0,3.0,972.0
2019-12-17,1017.0,0.0,1017.0
2019-12-18,667.0,2.0,667.0
2019-12-19,330.0,0.0,330.0
2019-12-20,78.0,0.0,78.0
2019-12-21,0.0,0.0,0.0
2019-12-22,104.0,0.0,104.0
2019-12-23,574.0,0.0,574.0
2019-12-24,298.0,8.0,298.0
2019-12-25,202.0,10.0,202.0
2019-12-26,148.0,0.0,148.0
2019-12-27,210.0,0.0,210.0
2019-12-28,60.0,0.0,60.0
2019-12-29,204.0,0.0,204.0
2019-12-30,193.0,36.0,193.0
2019-12-31,250.0,0.0,250.0
2020-01-01,246.0,0.0,246.0
2020-01-02,2138.0,0.0,2138.0
2020-01-03,1224.0,0.0,1224.0
2020-01-04,0.0,0.0,0.0
2020-01-05,-8.0,8.0,-8.0
2020-01-06,164.0,22.0,164.0
2020-01-07,70.0,38.0,70.0
2020-01-08,253.0,0.0,253.0
2020-01-09,1035.0,0.0,1035.0
2020-01-10,493.0,0.0,493.0
2020-01-11,546.0,0.0,546.0
2020-01-12,207.0,0.0,207.0
2020-01-13,412.0,0.0,412.0
2020-01-14,1183.0,0.0,1183.0
2020-01-15,392.0,0.0,392.0
2020-01-16,1029.0,0.0,1029.0
2020-01-17,834.0,0.0,834.0
2020-01-18,552.0,0.0,552.0
2020-01-19,0.0,0.0,0.0
2020-01-20,730.0,0.0,730.0
2020-01-21,52.0,0.0,52.0
2020-01-22,90.0,0.0,90.0
2020-01-23,0.0,0.0,0.0
2020-01-24,0.0,0.0,0.0
2020-01-25,185.0,0.0,185.0
2020-01-26,0.0,0.0,0.0
2020-01-27,0.0,0.0,0.0
2020-01-28,-1.0,1.0,-1.0
2020-01-29,59.0,0.0,59.0
2020-01-30,253.0,0.0,253.0
2020-01-31,384.0,0.0,384.0
2020-02-01,38.0,0.0,38.0
2020-02-02,0.0,0.0,0.0
2020-02-03,112.0,0.0,112.0
2020-02-04,1226.0,0.0,1226.0
2020-02-05,524.0,0.0,524.0
2020-02-06,292.0,0.0,292.0
2020-02-07,-60.0,0.0,-60.0
2020-02-08,0.0,0.0,0.0
2020-02-09,0.0,0.0,0.0
2020-02-10,466.0,0.0,466.0
2020-02-11,966.0,-6.0,966.0
2020-02-12,822.0,11.0,822.0
2020-02-13,405.0,0.0,405.0
2020-02-14,36.0,0.0,36.0
2020-02-15,252.0,0.0,252.0
2020-02-16,0.0,0.0,0.0
2020-02-17,348.0,0.0,348.0
2020-02-18,-300.0,0.0,-300.0
2020-02-19,802.0,0.0,802.0
2020-02-20,444.0,8.0,444.0
2020-02-21,83.0,0.0,83.0
2020-02-22,140.0,0.0,140.0
2020-02-23,0.0,0.0,0.0
2020-02-24,9.0,0.0,9.0
2020-02-25,364.0,2.0,364.0
2020-02-26,-298.0,0.0,-298.0
2020-02-27,-44.0,0.0,-44.0
2020-02-28,122.0,0.0,122.0
2020-02-29,0.0,0.0,0.0
2020-03-01,116.0,0.0,116.0
2020-03-02,94.0,8.0,94.0
2020-03-03,998.0,0.0,998.0
2020-03-04,1208.0,12.0,1208.0
2020-03-05,412.0,6.0,412.0
2020-03-06,-130.0,0.0,-130.0
2020-03-07,125.0,0.0,125.0
2020-03-08,0.0,0.0,0.0
2020-03-09,-25.0,8.0,-25.0
2020-03-10,487.0,0.0,487.0
2020-03-11,218.0,0.0,218.0
2020-03-12,27.0,0.0,27.0
2020-03-13,24.0,0.0,24.0
2020-03-14,0.0,0.0,0.0
2020-03-15,-6.0,6.0,-6.0
2020-03-16,-34.0,0.0,-34.0
2020-03-17,41.0,0.0,41.0
2020-03-18,-110.0,0.0,-110.0
2020-03-19,-108.0,0.0,-108.0
2020-03-20,217.0,0.0,217.0
2020-03-21,0.0,0.0,0.0
2020-03-22,0.0,0.0,0.0
2020-03-23,149.0,0.0,149.0
2020-03-24,665.0,0.0,665.0
2020-03-25,1210.0,0.0,1210.0
2020-03-26,166.0,0.0,166.0
2020-03-27,150.0,0.0,150.0
2020-03-28,0.0,0.0,0.0
2020-03-29,0.0,0.0,0.0
2020-03-30,234.0,0.0,234.0
2020-03-31,934.0,24.0,934.0
2020-04-01,324.0,0.0,324.0
2020-04-02,0.0,0.0,0.0
2020-04-03,0.0,0.0,0.0
2020-04-04,20.0,0.0,20.0
2020-04-05,0.0,0.0,0.0
2020-04-06,266.0,0.0,266.0
2020-04-07,388.0,2.0,388.0
2020-04-08,248.0,0.0,248.0
2020-04-09,53.0,0.0,53.0
2020-04-10,607.0,0.0,607.0
2020-04-11,242.0,0.0,242.0
2020-04-12,88.0,6.0,88.0
2020-04-13,327.0,4.0,327.0
2020-04-14,759.0,0.0,759.0
2020-04-15,430.0,0.0,430.0
2020-04-16,760.0,0.0,760.0
2020-04-17,1143.0,0.0,1143.0
2020-04-18,291.0,0.0,291.0
2020-04-19,234.0,0.0,234.0
2020-04-20,356.0,4.0,356.0
2020-04-21,588.0,0.0,588.0
2020-04-22,212.0,0.0,212.0
2020-04-23,272.0,0.0,272.0
2020-04-24,342.0,0.0,342.0
2020-04-25,353.0,0.0,353.0
2020-04-26,229.0,0.0,229.0
2020-04-27,308.0,0.0,308.0
2020-04-28,234.0,0.0,234.0
2020-04-29,527.0,0.0,527.0
2020-04-30,286.0,0.0,286.0
2020-05-01,56.0,0.0,56.0
2020-05-02,0.0,0.0,0.0
2020-05-03,0.0,0.0,0.0
2020-05-04,70.0,0.0,70.0
2020-05-05,40.0,5.0,40.0
2020-05-06,67.0,0.0,67.0
2020-05-07,54.0,6.0,54.0
2020-05-08,284.0,0.0,284.0
2020-05-09,-5.0,5.0,-5.0
2020-05-10,145.0,4.0,145.0
2020-05-11,148.0,0.0,148.0
2020-05-12,177.0,0.0,177.0
2020-05-13,165.0,0.0,165.0
2020-05-14,30.0,0.0,30.0
2020-05-15,411.0,0.0,411.0
2020-05-16,72.0,0.0,72.0
2020-05-17,51.0,0.0,51.0
2020-05-18,49.0,0.0,49.0
2020-05-19,38.0,0.0,38.0
2020-05-20,85.0,0.0,85.0
2020-05-21,194.0,0.0,194.0
2020-05-22,115.0,0.0,115.0
2020-05-23,0.0,0.0,0.0
2020-05-24,0.0,0.0,0.0
2020-05-25,138.0,0.0,138.0
2020-05-26,163.0,0.0,163.0
2020-05-27,343.0,0.0,343.0
2020-05-28,170.0,0.0,170.0
2020-05-29,422.0,0.0,422.0
2020-05-30,0.0,0.0,0.0
2020-05-31,120.0,-2.0,120.0
2020-06-01,392.0,0.0,392.0
2020-06-02,642.0,0.0,642.0
2020-06-03,460.0,16.0,460.0
2020-06-04,334.0,2.0,334.0
2020-06-05,35.0,0.0,35.0
2020-06-06,-2.0,2.0,-2.0
2020-06-07,27.0,0.0,27.0
2020-06-08,382.0,0.0,382.0
2020-06-09,520.0,0.0,520.0
2020-06-10,570.0,6.0,570.0
2020-06-11,203.0,0.0,203.0
2020-06-12,70.0,0.0,70.0
2020-06-13,204.0,0.0,204.0
2020-06-14,286.0,0.0,286.0
2020-06-15,156.0,0.0,156.0
2020-06-16,0.0,0.0,0.0
2020-06-17,0.0,0.0,0.0
2020-06-18,108.0,0.0,108.0
2020-06-19,0.0,0.0,0.0
2020-06-20,0.0,0.0,0.0
2020-06-21,0.0,0.0,0.0
2020-06-22,0.0,0.0,0.0
2020-06-23,0.0,0.0,0.0
2020-06-24,0.0,0.0,0.0
2020-06-25,0.0,0.0,0.0
2020-06-26,0.0,0.0,0.0
2020-06-27,0.0,0.0,0.0
2020-06-28,0.0,0.0,0.0
2020-06-29,0.0,0.0,0.0
2020-06-30,30.0,0.0,30.0
2020-07-01,0.0,0.0,0.0
2020-07-02,0.0,0.0,0.0
2020-07-03,0.0,0.0,0.0
2020-07-04,0.0,0.0,0.0
2020-07-05,0.0,0.0,0.0
2020-07-06,0.0,0.0,0.0
2020-07-07,0.0,0.0,0.0
2020-07-08,123.0,0.0,123.0
2020-07-09,15.0,0.0,15.0
2020-07-10,134.0,0.0,134.0
2020-07-11,0.0,0.0,0.0
2020-07-12,0.0,0.0,0.0
2020-07-13,66.0,2.0,66.0
2020-07-14,193.0,4.0,193.0
2020-07-15,106.0,4.0,106.0
2020-07-16,245.0,0.0,245.0
2020-07-17,70.0,0.0,70.0
2020-07-18,0.0,0.0,0.0
2020-07-19,0.0,0.0,0.0
2020-07-20,0.0,0.0,0.0
2020-07-21,0.0,0.0,0.0
2020-07-22,0.0,0.0,0.0
2020-07-23,0.0,0.0,0.0
2020-07-24,0.0,0.0,0.0
2020-07-25,0.0,0.0,0.0
2020-07-26,0.0,0.0,0.0
2020-07-27,0.0,0.0,0.0
2020-07-28,-22.0,32.0,-22.0
2020-07-29,231.0,28.0,231.0
2020-07-30,272.0,0.0,272.0
2020-07-31,208.0,0.0,208.0
2020-08-01,-30.0,0.0,-30.0
2020-08-02,440.0,14.0,440.0
2020-08-03,146.0,2.0,146.0
2020-08-04,388.0,0.0,388.0
2020-08-05,345.0,12.0,345.0
2020-08-06,526.0,0.0,526.0
2020-08-07,-30.0,0.0,-30.0
2020-08-08,-11.0,0.0,-11.0
2020-08-09,556.0,10.0,556.0
2020-08-10,328.0,0.0,328.0
2020-08-11,125.0,3.0,125.0
2020-08-12,244.0,0.0,244.0
2020-08-13,-19.0,0.0,-19.0
2020-08-14,-5.0,5.0,-5.0
2020-08-15,190.0,0.0,190.0
2020-08-16,63.0,0.0,63.0
2020-08-17,83.0,0.0,83.0
2020-08-18,192.0,0.0,192.0
2020-08-19,150.0,0.0,150.0
2020-08-20,134.0,0.0,134.0
2020-08-21,94.0,0.0,94.0
2020-08-22,88.0,2.0,88.0
2020-08-23,460.0,10.0,460.0
2020-08-24,796.0,2.0,796.0
2020-08-25,761.0,8.0,761.0
2020-08-26,1139.0,4.0,1139.0
2020-08-27,402.0,14.0,402.0
2020-08-28,285.0,0.0,285.0
2020-08-29,-32.0,2.0,-32.0
2020-08-30,208.0,18.0,208.0
2020-08-31,774.0,0.0,774.0
2020-09-01,120.0,0.0,120.0
2020-09-02,70.0,0.0,70.0
2020-09-03,-32.0,2.0,-32.0
2020-09-04,108.0,0.0,108.0
2020-09-05,-15.0,0.0,-15.0
2020-09-06,511.0,0.0,511.0
2020-09-07,228.0,0.0,228.0
2020-09-08,33.0,0.0,33.0
2020-09-09,12.0,17.0,12.0
2020-09-10,753.0,0.0,753.0
2020-09-11,-30.0,0.0,-30.0
2020-09-12,56.0,0.0,56.0
2020-09-13,48.0,14.0,48.0
2020-09-14,323.0,11.0,323.0
2020-09-15,256.0,0.0,256.0
2020-09-16,685.0,0.0,685.0
2020-09-17,260.0,0.0,260.0
2020-09-18,-15.0,0.0,-15.0
2020-09-19,-11.0,0.0,-11.0
2020-09-20,201.0,0.0,201.0
2020-09-21,179.0,0.0,179.0
2020-09-22,44.0,5.0,44.0
2020-09-23,378.0,0.0,378.0
2020-09-24,-47.0,0.0,-47.0
2020-09-25,188.0,0.0,188.0
2020-09-26,0.0,0.0,0.0
2020-09-27,62.0,0.0,62.0
2020-09-28,142.0,0.0,142.0
2020-09-29,438.0,0.0,438.0
2020-09-30,274.0,0.0,274.0
2020-10-01,-38.0,0.0,-38.0
2020-10-02,0.0,0.0,0.0
2020-10-03,90.0,0.0,90.0
2020-10-04,0.0,0.0,0.0
2020-10-05,203.0,0.0,203.0
2020-10-06,50.0,12.0,50.0
2020-10-07,577.0,0.0,577.0
2020-10-08,1017.0,0.0,1017.0
2020-10-09,27.0,-2.0,27.0
2020-10-10,348.0,0.0,348.0
2020-10-11,0.0,0.0,0.0
2020-10-12,1201.0,0.0,1201.0
2020-10-13,777.0,0.0,777.0
2020-10-14,392.0,-1.0,392.0
2020-10-15,1089.0,0.0,1089.0
2020-10-16,726.0,0.0,726.0
2020-10-17,45.0,1.0,45.0
2020-10-18,180.0,0.0,180.0
2020-10-19,290.0,2.0,290.0
2020-10-20,385.0,0.0,385.0
2020-10-21,5.0,0.0,5.0
2020-10-22,123.0,6.0,123.0
2020-10-23,160.0,0.0,160.0
2020-10-24,-1.0,1.0,-1.0
2020-10-25,55.0,35.0,55.0
2020-10-26,148.0,0.0,148.0
2020-10-27,260.0,16.0,260.0
2020-10-28,293.0,0.0,293.0
2020-10-29,-34.0,0.0,-34.0
2020-10-30,126.0,2.0,126.0
2020-10-31,206.0,0.0,206.0
2020-11-01,-2.0,2.0,-2.0
2020-11-02,136.0,4.0,136.0
2020-11-03,388.0,0.0,388.0
2020-11-04,210.0,0.0,210.0
2020-11-05,90.0,0.0,90.0
2020-11-06,298.0,0.0,298.0
2020-11-07,0.0,0.0,0.0
2020-11-08,0.0,0.0,0.0
2020-11-09,306.0,0.0,306.0
2020-11-10,187.0,5.0,187.0
2020-11-11,448.0,0.0,448.0
2020-11-12,5.0,0.0,5.0
2020-11-13,170.0,0.0,170.0
2020-11-14,0.0,0.0,0.0
2020-11-15,187.0,5.0,187.0
2020-11-16,645.0,0.0,645.0
2020-11-17,0.0,0.0,0.0
2020-11-18,79.0,6.0,79.0
2020-11-19,199.0,6.0,199.0
2020-11-20,77.0,8.0,77.0
2020-11-21,60.0,0.0,60.0
2020-11-22,26.0,0.0,26.0
2020-11-23,420.0,0.0,420.0
2020-11-24,458.0,0.0,458.0
2020-11-25,188.0,0.0,188.0
2020-11-26,41.0,24.0,41.0
2020-11-27,258.0,0.0,258.0
2020-11-28,-44.0,10.0,-44.0
2020-11-29,470.0,0.0,470.0
2020-11-30,922.0,0.0,922.0
2020-12-01,12.0,-2.0,12.0
2020-12-02,948.0,0.0,948.0
2020-12-03,87.0,3.0,87.0
2020-12-04,1155.0,0.0,1155.0
2020-12-05,5.0,0.0,5.0
2020-12-06,-2.0,2.0,-2.0
2020-12-07,735.0,0.0,735.0
2020-12-08,994.0,2.0,994.0
2020-12-09,318.0,0.0,318.0
2020-12-10,506.0,0.0,506.0
2020-12-11,18.0,0.0,18.0
2020-12-12,0.0,0.0,0.0
2020-12-13,25.0,0.0,25.0
2020-12-14,40.0,0.0,40.0
2020-12-15,381.0,0.0,381.0
2020-12-16,503.0,16.0,503.0
2020-12-17,357.0,0.0,357.0
2020-12-18,55.0,0.0,55.0
2020-12-19,13.0,0.0,13.0
2020-12-20,0.0,0.0,0.0
2020-12-21,55.0,8.0,55.0
2020-12-22,74.0,0.0,74.0
2020-12-23,123.0,0.0,123.0
2020-12-24,57.0,7.0,57.0
2020-12-25,157.0,0.0,157.0
2020-12-26,-5.0,5.0,-5.0
2020-12-27,550.0,0.0,550.0
2020-12-28,214.0,0.0,214.0
2020-12-29,384.0,0.0,384.0
2020-12-30,144.0,26.0,144.0
2020-12-31,1756.0,0.0,1756.0
2021-01-01,270.0,0.0,270.0
2021-01-02,0.0,0.0,0.0
2021-01-03,596.0,14.0,596.0
2021-01-04,1828.0,37.0,1828.0
2021-01-05,1297.0,22.0,1297.0
2021-01-06,519.0,23.0,519.0
2021-01-07,744.0,16.0,744.0
2021-01-08,1041.0,9.0,1041.0
2021-01-09,113.0,0.0,113.0
2021-01-10,127.0,13.0,127.0
2021-01-11,785.0,23.0,785.0
2021-01-12,779.0,17.0,779.0
2021-01-13,1031.0,17.0,1031.0
2021-01-14,1535.0,20.0,1535.0
2021-01-15,905.0,10.0,905.0
2021-01-16,515.0,0.0,515.0
2021-01-17,-3.0,3.0,-3.0
2021-01-18,684.0,33.0,684.0
2021-01-19,1335.0,0.0,1335.0
2021-01-20,152.0,11.0,152.0
2021-01-21,906.0,28.0,906.0
2021-01-22,244.0,5.0,244.0
2021-01-23,61.0,9.0,61.0
2021-01-24,201.0,-2.0,201.0
2021-01-25,759.0,3.0,759.0
2021-01-26,178.0,0.0,178.0
2021-01-27,200.0,5.0,200.0
2021-01-28,138.0,18.0,138.0
2021-01-29,226.0,6.0,226.0
2021-01-30,36.0,0.0,36.0
2021-01-31,100.0,0.0,100.0
2021-02-01,122.0,4.0,122.0
2021-02-02,994.0,0.0,994.0
2021-02-03,448.0,0.0,448.0
2021-02-04,142.0,0.0,142.0
2021-02-05,228.0,0.0,228.0
2021-02-06,-15.0,0.0,-15.0
2021-02-07,102.0,0.0,102.0
2021-02-08,0.0,0.0,0.0
2021-02-09,381.0,0.0,381.0
2021-02-10,6.0,1.0,6.0
2021-02-11,35.0,0.0,35.0
2021-02-12,5.0,0.0,5.0
2021-02-13,-15.0,0.0,-15.0
2021-02-14,0.0,0.0,0.0
2021-02-15,-7.0,7.0,-7.0
2021-02-16,127.0,1.0,127.0
2021-02-17,478.0,1.0,478.0
2021-02-18,315.0,2.0,315.0
2021-02-19,64.0,0.0,64.0
2021-02-20,16.0,0.0,16.0
2021-02-21,280.0,0.0,280.0
2021-02-22,146.0,0.0,146.0
2021-02-23,-21.0,8.0,-21.0
2021-02-24,179.0,4.0,179.0
2021-02-25,56.0,0.0,56.0
2021-02-26,60.0,0.0,60.0
2021-02-27,118.0,0.0,118.0
2021-02-28,0.0,0.0,0.0
2021-03-01,604.0,0.0,604.0
2021-03-02,208.0,0.0,208.0
2021-03-03,-28.0,0.0,-28.0
2021-03-04,642.0,0.0,642.0
2021-03-05,61.0,0.0,61.0
2021-03-06,78.0,3.0,78.0
2021-03-07,396.0,0.0,396.0
2021-03-08,116.0,0.0,116.0
2021-03-09,81.0,0.0,81.0
2021-03-10,835.0,0.0,835.0
2021-03-11,115.0,0.0,115.0
2021-03-12,206.0,0.0,206.0
2021-03-13,196.0,0.0,196.0
2021-03-14,115.0,0.0,115.0
2021-03-15,221.0,0.0,221.0
2021-03-16,194.0,0.0,194.0
2021-03-17,724.0,0.0,724.0
2021-03-18,25.0,0.0,25.0
2021-03-19,-30.0,0.0,-30.0
2021-03-20,61.0,0.0,61.0
2021-03-21,137.0,0.0,137.0
2021-03-22,28.0,0.0,28.0
2021-03-23,-9.0,24.0,-9.0
2021-03-24,256.0,7.0,256.0
2021-03-25,-33.0,22.0,-33.0
2021-03-26,446.0,0.0,446.0
2021-03-27,82.0,18.0,82.0
2021-03-28,272.0,-2.0,272.0
2021-03-29,60.0,0.0,60.0
2021-03-30,134.0,0.0,134.0
2021-03-31,682.0,0.0,682.0
2021-04-01,818.0,8.0,818.0
2021-04-02,574.0,0.0,574.0
2021-04-03,496.0,0.0,496.0
2021-04-04,0.0,0.0,0.0
2021-04-05,265.0,15.0,265.0
2021-04-06,582.0,0.0,582.0
2021-04-07,75.0,0.0,75.0
2021-04-08,73.0,0.0,73.0
2021-04-09,321.0,0.0,321.0
2021-04-10,143.0,3.0,143.0
2021-04-11,305.0,1.0,305.0
2021-04-12,231.0,0.0,231.0
2021-04-13,325.0,0.0,325.0
2021-04-14,15.0,0.0,15.0
2021-04-15,1485.0,6.0,1485.0
2021-04-16,820.0,0.0,820.0
2021-04-17,252.0,0.0,252.0
2021-04-18,53.0,8.0,53.0
2021-04-19,199.0,18.0,199.0
2021-04-20,239.0,27.0,239.0
2021-04-21,796.0,0.0,796.0
2021-04-22,201.0,0.0,201.0
2021-04-23,142.0,0.0,142.0
2021-04-24,105.0,0.0,105.0
2021-04-25,35.0,0.0,35.0
2021-04-26,64.0,0.0,64.0
2021-04-27,121.0,8.0,121.0
2021-04-28,94.0,0.0,94.0
2021-04-29,70.0,0.0,70.0
2021-04-30,60.0,0.0,60.0
2021-05-01,162.0,0.0,162.0
2021-05-02,166.0,8.0,166.0
2021-05-03,242.0,0.0,242.0
2021-05-04,297.0,4.0,297.0
2021-05-05,277.0,-4.0,277.0
2021-05-06,66.0,4.0,66.0
2021-05-07,173.0,0.0,173.0
2021-05-08,0.0,0.0,0.0
2021-05-09,0.0,0.0,0.0
2021-05-10,184.0,0.0,184.0
2021-05-11,179.0,0.0,179.0
2021-05-12,38.0,11.0,38.0
2021-05-13,79.0,2.0,79.0
2021-05-14,79.0,0.0,79.0
2021-05-15,5.0,0.0,5.0
2021-05-16,16.0,0.0,16.0
2021-05-17,23.0,0.0,23.0
2021-05-18,270.0,0.0,270.0
2021-05-19,22.0,0.0,22.0
2021-05-20,63.0,0.0,63.0
2021-05-21,5.0,0.0,5.0
2021-05-22,24.0,0.0,24.0
2021-05-23,29.0,0.0,29.0
2021-05-24,64.0,7.0,64.0
2021-05-25,183.0,0.0,183.0
2021-05-26,78.0,0.0,78.0
2021-05-27,70.0,0.0,70.0
2021-05-28,109.0,12.0,109.0
2021-05-29,144.0,0.0,144.0
2021-05-30,352.0,28.0,352.0
2021-05-31,856.0,0.0,856.0
2021-06-01,266.0,12.0,266.0
2021-06-02,2544.0,22.0,2544.0
2021-06-03,882.0,0.0,882.0
2021-06-04,-1.0,0.0,-1.0
2021-06-05,0.0,0.0,0.0
2021-06-06,18.0,0.0,18.0
2021-06-07,19.0,0.0,19.0
2021-06-08,17.0,0.0,17.0
2021-06-09,128.0,0.0,128.0
2021-06-10,918.0,0.0,918.0
2021-06-11,385.0,0.0,385.0
2021-06-12,5.0,0.0,5.0
2021-06-13,87.0,0.0,87.0
2021-06-14,73.0,0.0,73.0
2021-06-15,195.0,0.0,195.0
2021-06-16,-15.0,0.0,-15.0
2021-06-17,242.0,0.0,242.0
2021-06-18,94.0,0.0,94.0
2021-06-19,127.0,0.0,127.0
2021-06-20,-10.0,0.0,-10.0
2021-06-21,184.0,8.0,184.0
2021-06-22,301.0,0.0,301.0
2021-06-23,121.0,0.0,121.0
2021-06-24,-13.0,0.0,-13.0
2021-06-25,-14.0,0.0,-14.0
2021-06-26,35.0,0.0,35.0
2021-06-27,0.0,0.0,0.0
2021-06-28,32.0,0.0,32.0
2021-06-29,10.0,0.0,10.0
2021-06-30,668.0,0.0,668.0
2021-07-01,522.0,10.0,522.0
2021-07-02,22.0,8.0,22.0
2021-07-03,84.0,0.0,84.0
2021-07-04,10.0,0.0,10.0
2021-07-05,0.0,0.0,0.0
2021-07-06,16.0,0.0,16.0
2021-07-07,-15.0,0.0,-15.0
2021-07-08,-11.0,0.0,-11.0
2021-07-09,428.0,0.0,428.0
2021-07-10,5.0,0.0,5.0
2021-07-11,491.0,17.0,491.0
2021-07-12,287.0,0.0,287.0
2021-07-13,347.0,0.0,347.0
2021-07-14,677.0,0.0,677.0
2021-07-15,712.0,3.0,712.0
2021-07-16,227.0,3.0,227.0
2021-07-17,141.0,0.0,141.0
2021-07-18,24.0,7.0,24.0
2021-07-19,137.0,-1.0,137.0
2021-07-20,72.0,0.0,72.0
2021-07-21,174.0,1.0,174.0
2021-07-22,237.0,0.0,237.0
2021-07-23,0.0,0.0,0.0
2021-07-24,5.0,0.0,5.0
2021-07-25,196.0,5.0,196.0
2021-07-26,675.0,7.0,675.0
2021-07-27,142.0,4.0,142.0
2021-07-28,410.0,0.0,410.0
2021-07-29,22.0,0.0,22.0
2021-07-30,-24.0,0.0,-24.0
2021-07-31,420.0,0.0,420.0
2021-08-01,304.0,16.0,304.0
2021-08-02,1094.0,24.0,1094.0
2021-08-03,406.0,2.0,406.0
2021-08-04,1.0,8.0,1.0
2021-08-05,186.0,0.0,186.0
2021-08-06,68.0,0.0,68.0
2021-08-07,-15.0,0.0,-15.0
2021-08-08,60.0,0.0,60.0
2021-08-09,0.0,0.0,0.0
2021-08-10,861.0,3.0,861.0
2021-08-11,154.0,0.0,154.0
2021-08-12,0.0,0.0,0.0
2021-08-13,0.0,0.0,0.0
2021-08-14,-15.0,0.0,-15.0
2021-08-15,0.0,0.0,0.0
2021-08-16,201.0,0.0,201.0
2021-08-17,45.0,0.0,45.0
2021-08-18,170.0,3.0,170.0
2021-08-19,-13.0,48.0,-13.0
2021-08-20,498.0,0.0,498.0
2021-08-21,16.0,0.0,16.0
2021-08-22,-5.0,5.0,-5.0
2021-08-23,129.0,0.0,129.0
2021-08-24,116.0,2.0,116.0
2021-08-25,621.0,14.0,621.0
2021-08-26,724.0,0.0,724.0
2021-08-27,482.0,0.0,482.0
2021-08-28,320.0,0.0,320.0
2021-08-29,160.0,12.0,160.0
2021-08-30,544.0,12.0,544.0
2021-08-31,728.0,24.0,728.0
2021-09-01,654.0,0.0,654.0
2021-09-02,960.0,0.0,960.0
2021-09-03,530.0,4.0,530.0
2021-09-04,726.0,0.0,726.0
2021-09-05,143.0,0.0,143.0
2021-09-06,394.0,0.0,394.0
2021-09-07,237.0,0.0,237.0
2021-09-08,138.0,18.0,138.0
2021-09-09,261.0,18.0,261.0
2021-09-10,873.0,0.0,873.0
2021-09-11,75.0,0.0,75.0
2021-09-12,56.0,0.0,56.0
2021-09-13,194.0,0.0,194.0
2021-09-14,21.0,0.0,21.0
2021-09-15,80.0,0.0,80.0
2021-09-16,401.0,0.0,401.0
2021-09-17,293.0,0.0,293.0
2021-09-18,0.0,0.0,0.0
2021-09-19,188.0,0.0,188.0
2021-09-20,0.0,0.0,0.0
2021-09-21,-4.0,4.0,-4.0
2021-09-22,268.0,0.0,268.0
2021-09-23,184.0,0.0,184.0
2021-09-24,86.0,0.0,86.0
2021-09-25,0.0,0.0,0.0
2021-09-26,0.0,0.0,0.0
2021-09-27,158.0,0.0,158.0
2021-09-28,0.0,0.0,0.0
2021-09-29,0.0,0.0,0.0
2021-09-30,0.0,0.0,0.0
2021-10-01,0.0,0.0,0.0
2021-10-02,0.0,0.0,0.0
2021-10-03,0.0,0.0,0.0
2021-10-04,54.0,0.0,54.0
2021-10-05,21.0,0.0,21.0
2021-10-06,180.0,0.0,180.0
2021-10-07,169.0,0.0,169.0
2021-10-08,60.0,0.0,60.0
2021-10-09,19.0,0.0,19.0
2021-10-10,0.0,0.0,0.0
2021-10-11,0.0,0.0,0.0
2021-10-12,152.0,0.0,152.0
2021-10-13,111.0,0.0,111.0
2021-10-14,1398.0,0.0,1398.0
2021-10-15,1133.0,0.0,1133.0
2021-10-16,1054.0,0.0,1054.0
2021-10-17,47.0,4.0,47.0
2021-10-18,456.0,0.0,456.0
2021-10-19,387.0,1.0,387.0
2021-10-20,154.0,0.0,154.0
2021-10-21,71.0,1.0,71.0
2021-10-22,23.0,-1.0,23.0
2021-10-23,-1.0,1.0,-1.0
2021-10-24,151.0,0.0,151.0
2021-10-25,61.0,0.0,61.0
2021-10-26,114.0,3.0,114.0
2021-10-27,457.0,0.0,457.0
2021-10-28,572.0,0.0,572.0
2021-10-29,746.0,0.0,746.0
2021-10-30,198.0,0.0,198.0
2021-10-31,0.0,0.0,0.0
2021-11-01,236.0,4.0,236.0
2021-11-02,598.0,14.0,598.0
2021-11-03,294.0,2.0,294.0
2021-11-04,539.0,0.0,539.0
2021-11-05,139.0,0.0,139.0
2021-11-06,5.0,0.0,5.0
2021-11-07,10.0,0.0,10.0
2021-11-08,275.0,6.0,275.0
2021-11-09,260.0,0.0,260.0
2021-11-10,743.0,0.0,743.0
2021-11-11,368.0,8.0,368.0
2021-11-12,237.0,0.0,237.0
2021-11-13,216.0,0.0,216.0
2021-11-14,8.0,0.0,8.0
2021-11-15,8.0,7.0,8.0
2021-11-16,235.0,0.0,235.0
2021-11-17,5.0,0.0,5.0
2021-11-18,181.0,0.0,181.0
2021-11-19,306.0,0.0,306.0
2021-11-20,5.0,9.0,5.0
2021-11-21,157.0,0.0,157.0
2021-11-22,141.0,0.0,141.0
2021-11-23,457.0,16.0,457.0
2021-11-24,288.0,0.0,288.0
2021-11-25,217.0,6.0,217.0
2021-11-26,131.0,0.0,131.0
2021-11-27,115.0,0.0,115.0
2021-11-28,0.0,0.0,0.0
2021-11-29,-54.0,12.0,-54.0
2021-11-30,1160.0,8.0,1160.0
2021-12-01,474.0,0.0,474.0
2021-12-02,844.0,8.0,844.0
2021-12-03,964.0,6.0,964.0
2021-12-04,340.0,0.0,340.0
2021-12-05,105.0,14.0,105.0
2021-12-06,334.0,2.0,334.0
2021-12-07,61.0,-2.0,61.0
2021-12-08,130.0,1.0,130.0
2021-12-09,176.0,4.0,176.0
2021-12-10,516.0,3.0,516.0
2021-12-11,440.0,13.0,440.0
2021-12-12,514.0,5.0,514.0
2021-12-13,296.0,45.0,296.0
2021-12-14,334.0,10.0,334.0
2021-12-15,187.0,8.0,187.0
2021-12-16,442.0,5.0,442.0
2021-12-17,14.0,0.0,14.0
2021-12-18,-15.0,0.0,-15.0
2021-12-19,42.0,0.0,42.0
2021-12-20,254.0,20.0,254.0
2021-12-21,154.0,9.0,154.0
2021-12-22,202.0,10.0,202.0
2021-12-23,721.0,0.0,721.0
2021-12-24,104.0,0.0,104.0
2021-12-25,88.0,0.0,88.0
2021-12-26,514.0,8.0,514.0
2021-12-27,426.0,0.0,426.0
2021-12-28,692.0,0.0,692.0
2021-12-29,309.0,1.0,309.0
2021-12-30,188.0,13.0,188.0
2021-12-31,224.0,4.0,224.0
2022-01-01,166.0,5.0,166.0
2022-01-02,304.0,0.0,304.0
2022-01-03,,,
2022-01-04,,,
