,date,stock_id,Trading_Volume,Trading_money,open,max,min,close,spread,Trading_turnover
0,2017-01-03,2330,23550783,4300648272,181.5,183.5,181.0,183.0,1.5,8743
1,2017-01-04,2330,24482374,4478699942,183.0,184.0,181.5,183.0,0.0,8476
2,2017-01-05,2330,21373561,3913389163,182.0,183.5,181.5,183.5,0.5,8297
3,2017-01-06,2330,23120808,4250912732,184.0,184.5,183.5,184.0,0.5,9659
4,2017-01-09,2330,18583788,3419409204,184.0,185.0,183.0,184.0,0.0,5759
5,2017-01-10,2330,20691305,3811496280,184.5,185.5,183.5,184.0,0.0,7831
6,2017-01-11,2330,29747168,5438136536,185.0,185.0,181.5,182.0,-2.0,10509
7,2017-01-12,2330,48599502,8959263194,182.5,185.5,182.5,184.5,2.5,13220
8,2017-01-13,2330,53089358,9622624651,180.5,182.5,180.5,181.5,-3.0,16366
9,2017-01-16,2330,30878049,5545432320,180.0,180.5,179.0,179.5,-2.0,13441
10,2017-01-17,2330,13207419,2386575839,180.5,181.0,179.5,181.0,1.5,5771
11,2017-01-18,2330,23810637,4292682797,180.5,181.0,179.5,181.0,0.0,7783
12,2017-01-19,2330,25935613,4673783621,179.5,181.0,179.5,180.5,-0.5,8400
13,2017-01-20,2330,42317086,7658563990,181.0,181.5,180.5,181.0,0.5,7803
14,2017-01-23,2330,58299156,10699572592,182.5,185.0,182.5,185.0,4.0,13560
15,2017-01-24,2330,72014239,13356900945,185.0,186.5,184.5,185.5,0.5,14227
16,2017-02-02,2330,153703780,28731441750,188.0,188.5,184.0,184.5,-1.0,21047
17,2017-02-03,2330,30387652,5604884683,186.0,186.0,183.5,184.5,0.0,8079
18,2017-02-06,2330,29702832,5476151588,184.5,185.5,184.0,184.5,0.0,8330
19,2017-02-07,2330,23981988,4418689272,183.5,185.0,183.0,184.5,0.0,8712
20,2017-02-08,2330,45607272,8371548478,183.5,184.5,183.0,183.5,-1.0,8245
21,2017-02-09,2330,23419788,4320161722,184.0,185.5,183.5,184.0,0.5,6639
22,2017-02-10,2330,49257380,9113650300,184.5,185.5,184.0,185.5,1.5,9566
23,2017-02-13,2330,26155819,4904437753,186.5,188.0,186.5,187.5,2.0,10124
24,2017-02-14,2330,46716940,8798947193,189.0,190.0,187.5,187.5,0.0,11413
25,2017-02-15,2330,39928274,7528270012,187.0,189.5,186.5,189.0,1.5,12905
26,2017-02-16,2330,28371087,5360502302,190.0,190.5,188.0,189.0,0.0,9035
27,2017-02-17,2330,20407880,3870482337,190.0,190.5,189.0,189.5,0.5,7390
28,2017-02-18,2330,3517102,667392778,190.0,190.5,189.5,189.5,0.0,1771
29,2017-02-20,2330,13280401,2523599428,190.0,190.5,189.5,190.0,0.5,6466
30,2017-02-21,2330,31987532,6058373156,190.0,190.0,188.5,190.0,0.0,8646
31,2017-02-22,2330,26144905,4946742296,190.5,191.0,188.5,188.5,-1.5,6199
32,2017-02-23,2330,36095621,6809495260,188.0,189.5,187.0,188.5,0.0,7885
33,2017-02-24,2330,26177021,4945608983,187.5,190.5,187.5,189.0,0.5,7417
34,2017-03-01,2330,48263273,9041728541,188.5,188.5,186.0,186.0,-3.0,12019
35,2017-03-02,2330,40879671,7603470296,188.0,188.5,185.0,186.0,0.0,12567
36,2017-03-03,2330,28213610,5199920850,184.5,185.0,184.0,184.0,-2.0,11570
37,2017-03-06,2330,12633329,2321087036,184.0,184.5,183.5,183.5,-0.5,5831
38,2017-03-07,2330,22816387,4214029230,184.0,185.5,184.0,185.5,2.0,5824
39,2017-03-08,2330,38657077,7217763409,186.0,188.0,185.5,187.0,1.5,9614
40,2017-03-09,2330,31119469,5750011305,185.5,186.0,184.0,184.5,-2.5,12394
41,2017-03-10,2330,24886297,4569391905,184.0,184.5,183.0,183.5,-1.0,10065
42,2017-03-13,2330,11025355,2048482530,185.0,186.5,185.0,186.5,3.0,4141
43,2017-03-14,2330,24373221,4564713486,188.0,188.0,186.0,186.0,-0.5,7773
44,2017-03-15,2330,14147168,2634475248,185.5,187.0,185.5,186.5,0.5,4952
45,2017-03-16,2330,32452964,6143253446,188.0,190.0,188.0,190.0,3.5,15071
46,2017-03-17,2330,38698064,7377279160,189.5,191.5,189.0,191.5,1.5,10731
47,2017-03-20,2330,16531620,3154243641,191.5,191.5,189.5,191.5,0.0,6790
48,2017-03-21,2330,33662234,6523324906,192.0,195.0,191.5,195.0,3.5,13192
49,2017-03-22,2330,27766559,5349879407,192.5,193.5,191.5,193.5,-1.5,9435
50,2017-03-23,2330,18831295,3628401625,192.0,193.5,192.0,193.5,0.0,6052
51,2017-03-24,2330,17722202,3408016684,192.0,193.0,192.0,192.5,-1.0,5225
52,2017-03-27,2330,29867998,5766195556,194.5,194.5,192.0,193.0,0.5,6963
53,2017-03-28,2330,39522318,7662549266,195.0,195.0,192.5,194.5,1.5,9380
54,2017-03-29,2330,33839400,6501685654,194.5,194.5,191.0,191.5,-3.0,11340
55,2017-03-30,2330,30716971,5884771607,192.5,193.0,190.5,191.5,0.0,9900
56,2017-03-31,2330,33996900,6457321080,191.0,192.0,189.0,189.0,-2.5,10225
57,2017-04-05,2330,45116406,8656195632,189.5,193.0,189.5,193.0,4.0,14224
58,2017-04-06,2330,17417037,3337417368,193.0,193.0,191.0,191.5,-1.5,6309
59,2017-04-07,2330,19066095,3624732655,192.0,192.0,188.5,191.0,-0.5,7861
60,2017-04-10,2330,17388929,3307523455,191.0,191.5,189.5,190.0,-1.0,6803
61,2017-04-11,2330,9788922,1862488347,190.0,191.0,189.0,191.0,1.0,3348
62,2017-04-12,2330,17418048,3321982188,190.5,191.5,190.0,191.0,0.0,5778
63,2017-04-13,2330,14796174,2829915284,189.5,192.0,189.5,191.5,0.5,5705
64,2017-04-14,2330,31317585,5909582565,189.5,189.5,188.0,189.0,-2.5,12442
65,2017-04-17,2330,17111522,3223517863,189.0,189.0,187.5,187.5,-1.5,7470
66,2017-04-18,2330,28732770,5411365190,188.0,189.5,187.5,188.0,0.5,6174
67,2017-04-19,2330,31171199,5828201425,187.5,187.5,186.5,186.5,-1.5,9427
68,2017-04-20,2330,32697485,6118457114,186.5,188.0,186.5,187.0,0.5,6751
69,2017-04-21,2330,19034232,3603058600,187.5,190.0,187.5,190.0,3.0,6966
70,2017-04-24,2330,29572675,5612973548,191.0,191.5,188.5,190.0,0.0,5428
71,2017-04-25,2330,31952889,6096631799,190.5,192.0,189.5,192.0,2.0,10510
72,2017-04-26,2330,31119972,5951704052,192.0,192.0,190.5,191.0,-1.0,10342
73,2017-04-27,2330,35812934,6877484808,192.0,193.0,190.5,193.0,2.0,9859
74,2017-04-28,2330,38381021,7446882120,193.5,194.5,193.0,194.5,1.5,11671
75,2017-05-02,2330,45851963,9053856108,198.5,199.0,195.5,196.5,2.0,15718
76,2017-05-03,2330,27240962,5390698304,198.0,198.5,197.0,198.0,1.5,9259
77,2017-05-04,2330,22194084,4394409518,198.5,199.0,197.0,198.0,0.0,8787
78,2017-05-05,2330,17618358,3484019026,197.0,198.5,197.0,197.5,-0.5,6078
79,2017-05-08,2330,39591009,7943498809,199.0,202.5,199.0,202.5,5.0,15190
80,2017-05-09,2330,48285324,9920879512,205.5,207.0,203.5,203.5,1.0,15467
81,2017-05-10,2330,31075759,6369713620,204.0,206.0,204.0,205.5,2.0,11094
82,2017-05-11,2330,44286097,9144772197,204.5,208.5,204.0,207.5,2.0,16478
83,2017-05-12,2330,25507045,5246098865,205.0,207.0,205.0,206.0,-1.5,7515
84,2017-05-15,2330,25922334,5324070590,204.0,206.0,204.0,206.0,0.0,8141
85,2017-05-16,2330,36604672,7468111624,205.0,205.0,203.5,204.5,-1.5,11066
86,2017-05-17,2330,22606380,4599735640,203.0,204.0,203.0,204.0,-0.5,9323
87,2017-05-18,2330,22490217,4559780051,202.5,204.0,201.5,203.5,-0.5,6983
88,2017-05-19,2330,17163108,3490280961,203.5,204.5,202.5,203.0,-0.5,6014
89,2017-05-22,2330,17419705,3554245920,203.5,205.0,203.0,205.0,2.0,5278
90,2017-05-23,2330,23028298,4738103907,205.0,207.0,204.5,205.0,0.0,7003
91,2017-05-24,2330,18307715,3760309975,205.0,206.0,205.0,205.5,0.5,5141
92,2017-05-25,2330,26088748,5388004408,206.0,207.0,205.5,207.0,1.5,7406
93,2017-05-26,2330,32976727,6794923568,205.0,207.0,205.0,207.0,0.0,8059
94,2017-05-31,2330,67935145,13853122715,206.5,207.0,203.0,203.0,-4.0,11757
95,2017-06-01,2330,29623649,6096361694,205.0,207.0,204.5,207.0,4.0,6374
96,2017-06-02,2330,23265323,4845442265,208.5,209.0,207.5,209.0,2.0,7429
97,2017-06-03,2330,1535230,320348914,209.0,209.0,208.0,209.0,0.0,1078
98,2017-06-05,2330,22545164,4746962354,209.5,212.0,209.0,212.0,3.0,8931
99,2017-06-06,2330,15382025,3243804586,210.5,211.5,210.5,210.5,-1.5,5541
100,2017-06-07,2330,34729326,7342424736,212.0,212.5,210.0,211.5,1.0,8034
101,2017-06-08,2330,21654488,4599496993,212.0,213.0,211.5,213.0,1.5,7926
102,2017-06-09,2330,35190159,7505851237,214.5,215.0,212.0,212.0,-1.0,10657
103,2017-06-12,2330,63111746,13135046554,207.0,210.0,207.0,207.5,-4.5,22473
104,2017-06-13,2330,49983303,10381567507,207.0,208.5,206.5,208.0,0.5,13236
105,2017-06-14,2330,39083899,8113132831,208.5,209.5,206.0,207.0,-1.0,11304
106,2017-06-15,2330,19486457,4046560581,207.5,208.0,207.0,208.0,1.0,6497
107,2017-06-16,2330,32856536,6902455266,207.5,212.0,207.0,211.5,3.5,9683
108,2017-06-19,2330,17489571,3712290873,211.0,213.0,210.5,213.0,1.5,5658
109,2017-06-20,2330,28784100,6229988043,215.0,218.0,214.5,216.5,3.5,9135
110,2017-06-21,2330,45384482,9793828804,216.0,217.0,214.5,215.5,-1.0,12233
111,2017-06-22,2330,26094649,5674049232,217.0,218.0,216.5,218.0,2.5,7559
112,2017-06-23,2330,39686091,8627393668,218.0,218.5,217.0,217.0,-1.0,14539
113,2017-06-26,2330,60140797,12848925735,212.0,215.0,212.0,215.0,0.0,20653
114,2017-06-27,2330,44504785,9437315205,214.0,214.0,211.0,211.5,-3.5,17122
115,2017-06-28,2330,52273921,10919812400,209.5,210.0,208.0,208.5,-3.0,15953
116,2017-06-29,2330,27049234,5678566197,210.5,210.5,208.5,210.0,1.5,8431
117,2017-06-30,2330,31709978,6580047422,206.5,208.5,206.5,208.5,-1.5,9805
118,2017-07-03,2330,21066605,4382736445,207.5,209.0,207.0,209.0,0.5,7037
119,2017-07-04,2330,21592272,4476915676,208.0,208.5,207.0,207.0,-2.0,8990
120,2017-07-05,2330,23463030,4868199460,207.0,208.5,206.5,208.5,1.5,7278
121,2017-07-06,2330,15260726,3166474008,208.0,208.5,207.0,207.5,-1.0,4473
122,2017-07-07,2330,21567705,4449245335,207.0,207.5,205.5,206.0,-1.5,8234
123,2017-07-10,2330,13326526,2749724552,206.5,207.0,206.0,206.0,0.0,5812
124,2017-07-11,2330,34593975,7275696778,208.0,212.0,207.5,212.0,6.0,11217
125,2017-07-12,2330,26887728,5690155100,211.0,212.5,210.5,210.5,-1.5,9582
126,2017-07-13,2330,50136849,10735533186,212.0,216.0,211.5,214.5,4.0,16903
127,2017-07-14,2330,22364167,4773890099,213.0,214.5,212.0,213.0,-1.5,9330
128,2017-07-17,2330,21400126,4566620338,215.0,215.5,211.5,213.0,0.0,8537
129,2017-07-18,2330,18756453,3998545790,213.0,214.0,212.0,214.0,1.0,8905
130,2017-07-19,2330,20661381,4428023668,212.5,215.0,212.5,214.5,0.5,11699
131,2017-07-20,2330,20795770,4468108550,215.0,215.5,214.0,215.5,1.0,8261
132,2017-07-21,2330,15422136,3302914894,214.0,215.0,213.5,214.0,-1.5,7558
133,2017-07-24,2330,20002702,4279712228,213.5,214.5,213.0,214.5,0.5,6805
134,2017-07-25,2330,13853196,2965264666,214.0,214.5,213.5,214.0,-0.5,4836
135,2017-07-26,2330,15900563,3393269119,215.0,215.0,212.5,213.0,-1.0,5219
136,2017-07-27,2330,23045021,4959471015,213.5,216.0,213.5,215.5,2.5,9138
137,2017-07-28,2330,21121133,4498197191,213.0,214.0,212.5,213.0,-2.5,7997
138,2017-07-31,2330,20363314,4352541276,211.5,214.5,211.5,214.5,1.5,6039
139,2017-08-01,2330,20314999,4325934287,212.5,214.0,212.0,212.0,-2.5,7318
140,2017-08-02,2330,30528035,6574998275,214.0,216.0,214.0,216.0,4.0,11028
141,2017-08-03,2330,27097397,5779905218,213.0,214.0,212.5,213.5,-2.5,7041
142,2017-08-04,2330,22187420,4735259954,213.5,214.0,212.5,213.0,-0.5,5240
143,2017-08-07,2330,21594977,4653776958,213.5,216.5,213.5,216.0,3.0,7115
144,2017-08-08,2330,25223804,5483118368,217.5,219.0,216.0,217.5,1.5,8404
145,2017-08-09,2330,28129447,6035247455,215.0,215.5,213.5,214.5,-3.0,9826
146,2017-08-10,2330,27440049,5866558686,215.5,215.5,212.5,214.0,-0.5,8227
147,2017-08-11,2330,41592129,8803564627,211.0,213.5,210.5,212.5,-1.5,13751
148,2017-08-14,2330,29414616,6233486198,213.5,214.0,210.0,211.0,-1.5,7719
149,2017-08-15,2330,14385915,3073117310,213.0,214.5,213.0,214.0,3.0,5250
150,2017-08-16,2330,25206990,5357190370,214.5,214.5,211.0,213.0,-1.0,8610
151,2017-08-17,2330,8353232,1785167148,213.5,214.0,213.0,214.0,1.0,3120
152,2017-08-18,2330,14363526,3043468038,212.0,213.0,211.0,212.5,-1.5,3999
153,2017-08-21,2330,13847499,2934064688,212.5,213.0,211.5,211.5,-1.0,5152
154,2017-08-22,2330,17330415,3710809960,213.5,214.5,213.0,214.5,3.0,7908
155,2017-08-23,2330,11757917,2531926275,215.5,216.0,214.0,215.5,1.0,5873
156,2017-08-24,2330,15426842,3341510582,216.0,217.0,215.5,217.0,1.5,6953
157,2017-08-25,2330,10975387,2384766481,217.5,217.5,216.0,217.5,0.5,5546
158,2017-08-28,2330,16512159,3564102094,215.0,216.5,215.0,216.0,-1.5,5673
159,2017-08-29,2330,16561161,3569385647,216.0,216.0,215.0,216.0,0.0,5587
160,2017-08-30,2330,19674310,4274683770,216.0,218.0,216.0,217.5,1.5,6732
161,2017-08-31,2330,26945202,5837056904,217.5,218.0,215.5,216.5,-1.0,6585
162,2017-09-01,2330,17805405,3851834126,215.0,217.5,215.0,216.5,0.0,6956
163,2017-09-04,2330,15053185,3273164145,216.5,218.0,215.5,217.5,1.0,8635
164,2017-09-05,2330,34514275,7503488603,218.0,218.0,216.5,218.0,0.5,7065
165,2017-09-06,2330,28148528,6117444609,216.5,218.0,216.0,217.0,-1.0,6999
166,2017-09-07,2330,19198540,4170321680,218.0,218.5,216.0,217.0,0.0,6586
167,2017-09-08,2330,25512045,5549520265,217.0,218.0,216.5,218.0,1.0,7969
168,2017-09-11,2330,19387886,4215723762,219.0,219.5,216.5,217.0,-1.0,5305
169,2017-09-12,2330,24862321,5437521978,219.0,219.5,217.5,219.0,2.0,5992
170,2017-09-13,2330,18336541,3998984438,217.5,219.0,217.5,218.0,-1.0,4598
171,2017-09-14,2330,21508567,4701852606,218.5,219.0,217.5,218.5,0.5,6314
172,2017-09-15,2330,48901103,10668230939,218.5,219.0,217.0,218.5,0.0,5253
173,2017-09-18,2330,17812705,3905801892,219.0,220.0,218.0,219.5,1.0,6714
174,2017-09-19,2330,26255575,5742129525,221.5,221.5,220.0,221.5,2.0,11072
175,2017-09-20,2330,23434237,5179958449,221.0,222.0,220.0,221.5,0.0,9347
176,2017-09-21,2330,18645565,4125047365,221.0,223.0,220.0,221.0,-0.5,6604
177,2017-09-22,2330,22456370,4930530220,221.5,222.0,218.5,218.5,-2.5,7431
178,2017-09-25,2330,17458286,3797761662,217.5,218.5,217.0,217.0,-1.5,6250
179,2017-09-26,2330,25003901,5392244669,217.5,218.0,214.0,214.0,-3.0,8768
180,2017-09-27,2330,24794510,5353580844,217.5,217.5,215.0,215.0,1.0,7326
181,2017-09-28,2330,31616062,6788534834,215.0,216.0,213.5,214.0,-1.0,7749
182,2017-09-29,2330,23954708,5184362760,216.0,217.5,215.5,216.5,2.5,7507
183,2017-09-30,2330,4254045,924823765,218.0,218.5,216.5,216.5,0.0,2446
184,2017-10-02,2330,28360551,6233064680,219.5,220.5,218.5,220.5,4.0,10605
185,2017-10-03,2330,38330938,8497244691,219.0,223.0,219.0,222.5,2.0,12703
186,2017-10-05,2330,25397939,5691251336,222.0,225.5,222.0,224.5,2.0,8601
187,2017-10-06,2330,16040516,3604683862,225.0,225.5,223.5,224.5,0.0,7612
188,2017-10-11,2330,67649562,15633206754,226.5,233.5,226.5,233.0,8.5,20879
189,2017-10-12,2330,44176186,10450920432,235.0,237.5,234.5,237.5,4.5,16490
190,2017-10-13,2330,23145071,5465540327,237.5,237.5,234.5,237.5,0.0,10507
191,2017-10-16,2330,20673072,4906963355,237.5,238.0,236.0,238.0,0.5,6764
192,2017-10-17,2330,17652304,4171891244,238.0,238.0,235.0,235.5,-2.5,6336
193,2017-10-18,2330,28970850,6901364183,239.5,239.5,237.0,237.5,2.0,10330
194,2017-10-19,2330,23481776,5636769464,239.5,241.5,239.0,239.0,1.5,9033
195,2017-10-20,2330,27056035,6456386670,238.0,239.5,237.5,237.5,-1.5,7206
196,2017-10-23,2330,15959559,3820927681,239.0,240.0,238.5,239.0,1.5,6686
197,2017-10-24,2330,16100570,3842463252,240.0,240.0,238.0,238.0,-1.0,6034
198,2017-10-25,2330,17205187,4099505436,238.5,239.0,237.5,238.0,0.0,5808
199,2017-10-26,2330,12959717,3069618429,237.0,238.0,236.0,236.0,-2.0,4947
200,2017-10-27,2330,18040541,4304460160,237.5,240.0,237.5,239.0,3.0,5715
201,2017-10-30,2330,30241990,7358619170,242.0,245.0,241.5,243.0,4.0,10609
202,2017-10-31,2330,22582013,5497062659,243.5,245.0,241.5,243.0,0.0,8176
203,2017-11-01,2330,20465054,4975624502,243.5,245.0,241.5,242.5,-0.5,6464
204,2017-11-02,2330,16309342,3940181714,242.0,242.5,240.5,241.0,-1.5,5912
205,2017-11-03,2330,18327682,4386122470,240.5,241.0,238.5,239.0,-2.0,5621
206,2017-11-06,2330,21029515,5063670900,243.5,244.0,239.0,239.5,0.5,6601
207,2017-11-07,2330,21689261,5266500464,242.0,244.0,241.5,244.0,4.5,6729
208,2017-11-08,2330,14579103,3536455029,243.0,243.5,242.0,242.5,-1.5,4610
209,2017-11-09,2330,21366949,5151628572,240.5,243.0,240.0,241.0,-1.5,6339
210,2017-11-10,2330,15061296,3629826936,240.0,242.0,239.5,240.5,-0.5,4465
211,2017-11-13,2330,12087858,2904559294,240.0,241.5,239.5,239.5,-1.0,4288
212,2017-11-14,2330,17229176,4132433432,241.0,241.0,239.0,240.0,0.5,4130
213,2017-11-15,2330,29720308,7063591898,239.0,239.5,236.0,237.5,-2.5,9224
214,2017-11-16,2330,17274172,4118927788,238.0,240.0,237.5,238.0,0.5,5683
215,2017-11-17,2330,18741825,4528440917,240.5,242.5,240.5,241.5,3.5,5647
216,2017-11-20,2330,19811271,4744311377,241.0,241.5,238.0,238.5,-3.0,5935
217,2017-11-21,2330,22878024,5529803248,240.0,243.0,239.5,243.0,4.5,7942
218,2017-11-22,2330,27251431,6631376152,244.5,244.5,242.0,242.0,-1.0,7655
219,2017-11-23,2330,9562763,2320934646,242.0,243.5,241.5,242.5,0.5,4253
220,2017-11-24,2330,11404453,2777319771,242.0,244.5,241.5,244.0,1.5,3910
221,2017-11-27,2330,32247327,7696717391,240.0,240.0,237.0,237.0,-7.0,14743
222,2017-11-28,2330,47834178,11198457400,234.5,235.0,233.0,234.0,-3.0,15262
223,2017-11-29,2330,26535797,6234161137,235.0,236.0,234.5,234.5,0.5,6976
224,2017-11-30,2330,112262770,25539072296,226.5,230.5,226.0,226.0,-8.5,21352
225,2017-12-01,2330,38356265,8830392980,228.5,233.5,227.5,231.0,5.0,17632
226,2017-12-04,2330,22939032,5347622547,232.5,234.5,231.0,234.0,3.0,7763
227,2017-12-05,2330,30189765,6938661754,231.0,231.0,228.5,229.5,-4.5,11202
228,2017-12-06,2330,34031690,7752572207,228.0,229.5,226.5,227.0,-2.5,10749
229,2017-12-07,2330,41619903,9349711831,226.5,226.5,222.5,226.5,-0.5,13336
230,2017-12-08,2330,38183260,8678808540,231.0,231.0,224.5,227.0,0.5,9485
231,2017-12-11,2330,20649609,4706571094,228.5,229.0,227.0,227.5,0.5,6384
232,2017-12-12,2330,28188584,6399536562,229.5,229.5,225.0,227.5,0.0,6210
233,2017-12-13,2330,19619331,4454578768,227.5,228.0,226.5,227.0,-0.5,6108
234,2017-12-14,2330,17263313,3956456249,228.0,230.5,227.5,230.5,3.5,6689
235,2017-12-15,2330,42725779,9781791170,228.5,230.0,226.5,230.0,-0.5,7602
236,2017-12-18,2330,15702664,3565805928,227.0,228.0,226.5,227.0,-3.0,5961
237,2017-12-19,2330,25899129,5844605314,226.5,228.5,224.0,225.0,-2.0,7609
238,2017-12-20,2330,34514333,7748610375,225.0,225.5,223.5,224.5,-0.5,10336
239,2017-12-21,2330,20826164,4696105505,226.5,227.0,224.5,225.0,0.5,5893
240,2017-12-22,2330,19106483,4315809802,225.0,227.5,224.0,227.5,2.5,6146
241,2017-12-25,2330,4579675,1045118165,228.0,229.5,226.5,228.5,1.0,2288
242,2017-12-26,2330,13755843,3118538018,229.0,229.0,225.0,226.0,-2.5,3550
243,2017-12-27,2330,12515245,2820168625,225.0,226.0,225.0,225.0,-1.0,5717
244,2017-12-28,2330,24370371,5521736966,226.5,228.0,225.0,226.0,1.0,7413
245,2017-12-29,2330,25610443,5861624377,227.5,230.0,226.5,229.5,3.5,8325
246,2018-01-02,2330,18055269,4188555408,231.5,232.5,231.0,232.5,3.0,9954
247,2018-01-03,2330,31706091,7504382512,236.0,238.0,235.5,237.0,4.5,13633
248,2018-01-04,2330,29179613,6963192636,240.0,240.0,236.5,239.5,2.5,10953
249,2018-01-05,2330,23721255,5681934695,240.0,240.0,238.0,240.0,0.5,8659
250,2018-01-08,2330,21846692,5281823362,242.0,242.5,240.5,242.0,2.0,10251
251,2018-01-09,2330,19043123,4588314012,242.0,242.0,239.5,242.0,0.0,7124
252,2018-01-10,2330,25716220,6118683273,241.5,242.0,236.0,236.5,-5.5,10534
253,2018-01-11,2330,32070338,7500674455,235.0,236.0,232.5,235.0,-1.5,9199
254,2018-01-12,2330,23141291,5463302207,234.5,238.0,233.5,237.0,2.0,7905
255,2018-01-15,2330,28576533,6832851887,240.0,240.0,238.0,240.0,3.0,9756
256,2018-01-16,2330,23407632,5609009540,240.0,240.5,238.0,240.5,0.5,8156
257,2018-01-17,2330,38118119,9207582787,240.5,243.0,239.0,242.0,1.5,12593
258,2018-01-18,2330,50119952,12406562364,245.0,250.0,245.0,248.5,6.5,19482
259,2018-01-19,2330,55061292,13975174348,253.5,255.5,251.5,255.5,7.0,18801
260,2018-01-22,2330,45907509,11934882643,257.5,262.0,257.0,261.5,6.0,13558
261,2018-01-23,2330,34606444,9155080569,262.5,266.0,262.5,266.0,4.5,13993
262,2018-01-24,2330,42600813,11022372004,263.0,263.0,256.5,258.0,-8.0,17287
263,2018-01-25,2330,46214756,11981089514,258.0,264.0,256.5,258.0,0.0,15826
264,2018-01-26,2330,43514523,11101977348,256.5,257.5,253.5,255.0,-3.0,12821
265,2018-01-29,2330,31306234,8067780117,259.0,261.5,255.0,258.5,3.5,12211
266,2018-01-30,2330,37410591,9523980994,256.0,257.5,252.5,253.0,-5.5,12987
267,2018-01-31,2330,45807808,11670582000,253.0,257.5,252.0,255.0,2.0,13553
268,2018-02-01,2330,30900457,8022694430,257.5,261.0,257.0,259.5,4.5,13598
269,2018-02-02,2330,25707560,6633344540,259.0,260.0,255.0,259.5,0.0,11404
270,2018-02-05,2330,46554379,11742299859,251.0,254.5,250.5,253.0,-6.5,16909
271,2018-02-06,2330,104448048,24944565955,242.5,243.5,234.0,239.0,-14.0,35455
272,2018-02-07,2330,82299178,19903032966,245.0,245.5,239.5,240.0,1.0,22962
273,2018-02-08,2330,31192550,7468970072,239.5,242.0,238.0,238.5,-1.5,10274
274,2018-02-09,2330,65939265,15227192540,230.0,233.0,228.5,232.5,-6.0,19749
275,2018-02-12,2330,42917236,10113012768,235.5,237.5,235.0,236.5,4.0,10851
276,2018-02-21,2330,76396174,18582475956,244.5,244.5,242.0,242.5,6.0,21512
277,2018-02-22,2330,45492993,10977665819,244.0,244.0,239.0,239.5,-3.0,10071
278,2018-02-23,2330,26985776,6578657620,241.0,245.0,241.0,245.0,5.5,10178
279,2018-02-26,2330,36165810,8910352170,247.0,247.5,245.0,246.5,1.5,12565
280,2018-02-27,2330,44699119,11061945363,250.5,250.5,246.0,246.0,-0.5,10908
281,2018-03-01,2330,43847984,10669194561,244.0,245.0,242.0,243.0,-3.0,11589
282,2018-03-02,2330,35289170,8453712014,240.0,241.0,238.5,240.0,-3.0,10440
283,2018-03-05,2330,27337846,6607367732,242.5,243.0,240.5,241.5,1.5,9321
284,2018-03-06,2330,36945780,9155812210,245.5,250.0,245.5,250.0,8.5,13977
285,2018-03-07,2330,30391219,7525601638,248.0,248.5,246.0,247.0,-3.0,10521
286,2018-03-08,2330,20645694,5172732531,249.5,251.5,249.0,249.5,2.5,8817
287,2018-03-09,2330,22887063,5723277170,250.0,251.0,248.5,250.5,1.0,7050
288,2018-03-12,2330,25100615,6370529728,252.0,255.0,251.5,254.0,3.5,10550
289,2018-03-13,2330,34264883,8816553606,255.5,259.0,255.0,259.0,5.0,11700
290,2018-03-14,2330,24254838,6220805864,256.5,257.5,255.5,257.0,-2.0,8518
291,2018-03-15,2330,19396493,4965546715,258.0,258.0,255.0,255.0,-2.0,5945
292,2018-03-16,2330,62989326,15930805360,253.0,256.0,249.5,255.0,0.0,18058
293,2018-03-19,2330,22440766,5679567964,252.5,255.5,251.0,255.0,0.0,9888
294,2018-03-20,2330,22335151,5640426203,253.0,254.0,251.5,253.0,-2.0,9334
295,2018-03-21,2330,32977737,8325162114,255.0,255.0,251.0,252.5,-0.5,11575
296,2018-03-22,2330,27000718,6797045014,254.5,254.5,249.5,251.5,-1.0,10475
297,2018-03-23,2330,52974390,12994667867,245.0,247.0,244.0,245.0,-6.5,20513
298,2018-03-26,2330,39487945,9582954454,241.5,244.5,241.5,243.5,-1.5,11404
299,2018-03-27,2330,31100260,7732298021,248.0,251.0,247.0,251.0,7.5,11698
300,2018-03-28,2330,29924411,7349468217,247.5,248.0,244.0,245.0,-6.0,13041
301,2018-03-29,2330,36427345,8888435870,243.0,247.0,242.5,244.0,-1.0,12832
302,2018-03-30,2330,16996346,4212690462,247.5,249.5,246.0,246.0,2.0,7578
303,2018-03-31,2330,3603912,893664176,247.5,249.0,246.5,247.5,1.5,2409
304,2018-04-02,2330,19029003,4702581241,248.5,249.0,245.0,246.5,-1.0,6951
305,2018-04-03,2330,35813944,8710200224,243.0,244.5,242.0,244.0,-2.5,13270
306,2018-04-09,2330,35465824,8716801768,248.0,248.0,243.5,245.0,1.0,12437
307,2018-04-10,2330,25268994,6231896018,244.5,249.0,243.5,245.5,0.5,11912
308,2018-04-11,2330,21777935,5391978180,246.5,248.5,246.5,248.0,2.5,8813
309,2018-04-12,2330,20476657,5028226522,248.5,248.5,244.0,245.0,-3.0,6898
310,2018-04-13,2330,19946548,4885963546,246.0,246.0,244.0,244.5,-0.5,5549
311,2018-04-16,2330,21608528,5251556179,243.0,244.0,242.0,243.5,-1.0,8436
312,2018-04-17,2330,42756389,10232256860,243.0,243.5,237.5,238.0,-5.5,18381
313,2018-04-18,2330,44768048,10668587090,239.5,241.5,236.5,238.0,0.0,12132
314,2018-04-19,2330,33230989,8081404960,242.0,244.5,241.0,244.5,6.5,10987
315,2018-04-20,2330,129890087,29837344632,228.0,231.5,228.0,229.0,-15.5,46349
316,2018-04-23,2330,71901975,16282275410,226.5,227.5,225.0,226.5,-2.5,22048
317,2018-04-24,2330,45206892,10233860296,225.0,227.5,225.0,227.0,0.5,13970
318,2018-04-25,2330,48975110,11032111105,225.5,226.0,224.0,225.0,-2.0,15136
319,2018-04-26,2330,48176657,10766085521,225.0,225.5,221.0,222.0,-3.0,16253
320,2018-04-27,2330,34443459,7679131764,225.0,225.5,221.0,223.5,1.5,10859
321,2018-04-30,2330,28500789,6448117416,224.5,228.0,222.5,227.0,3.5,9480
322,2018-05-02,2330,38436942,8633492540,227.0,227.5,222.5,223.0,-4.0,11445
323,2018-05-03,2330,33507731,7399813831,221.0,222.5,220.0,220.5,-2.5,12287
324,2018-05-04,2330,28477722,6330594053,221.0,224.0,220.5,223.0,2.5,8445
325,2018-05-07,2330,23751759,5309421525,225.0,225.5,221.5,223.5,0.5,8951
326,2018-05-08,2330,40324763,9146327464,224.0,228.5,223.5,228.0,4.5,13229
327,2018-05-09,2330,35597934,8188991070,228.5,232.0,228.5,229.5,1.5,12616
328,2018-05-10,2330,27530377,6337230710,231.0,231.5,229.0,229.5,0.0,11051
329,2018-05-11,2330,30693910,7138428530,232.0,234.0,230.5,233.0,3.5,11920
330,2018-05-14,2330,23577637,5502726121,234.5,234.5,232.5,233.0,0.0,7666
331,2018-05-15,2330,23771769,5493470187,233.5,234.0,229.5,230.5,-2.5,7810
332,2018-05-16,2330,14834107,3408682013,229.5,230.5,228.5,230.5,0.0,5398
333,2018-05-17,2330,27702737,6322484836,231.0,231.5,226.5,226.5,-4.0,8428
334,2018-05-18,2330,28187541,6327474145,225.5,227.5,223.5,223.5,-3.0,9720
335,2018-05-21,2330,16417815,3751438835,225.0,230.0,225.0,229.0,5.5,7591
336,2018-05-22,2330,22422097,5175634112,230.0,233.5,229.0,229.0,0.0,6963
337,2018-05-23,2330,26737899,6146178621,231.5,231.5,228.5,228.5,-0.5,5059
338,2018-05-24,2330,13450610,3082675140,229.5,230.0,228.5,229.0,0.5,4240
339,2018-05-25,2330,16486294,3769909946,228.5,229.5,228.0,228.5,-0.5,5474
340,2018-05-28,2330,17673270,4020203060,229.5,230.0,226.5,227.0,-1.5,7239
341,2018-05-29,2330,25770776,5782293276,226.5,226.5,223.5,225.0,-2.0,11400
342,2018-05-30,2330,49667788,10997306304,224.0,224.0,220.5,221.0,-4.0,21406
343,2018-05-31,2330,96587458,21553655265,221.5,224.0,220.5,224.0,3.0,12737
344,2018-06-01,2330,36652094,8209412370,224.5,226.5,224.0,224.0,0.0,7627
345,2018-06-04,2330,31257480,7131988670,227.5,229.0,227.0,229.0,5.0,9746
346,2018-06-05,2330,27714384,6329201896,230.0,230.0,226.5,229.0,0.0,8509
347,2018-06-06,2330,30375441,6961135060,229.0,230.0,227.0,230.0,1.0,9758
348,2018-06-07,2330,25277266,5809345446,231.0,231.5,228.0,230.0,0.0,9146
349,2018-06-08,2330,24192851,5493234408,229.0,229.0,226.0,227.0,-3.0,7775
350,2018-06-11,2330,22028933,4980629259,226.5,227.0,225.0,226.0,-1.0,6726
351,2018-06-12,2330,30189360,6837374510,225.0,229.0,224.0,229.0,3.0,8281
352,2018-06-13,2330,36081120,8311856296,229.0,232.0,228.0,232.0,3.0,10687
353,2018-06-14,2330,36932041,8423126398,230.0,230.0,226.5,226.5,-5.5,12252
354,2018-06-15,2330,49506679,11291127719,225.0,231.0,224.0,231.0,4.5,10090
355,2018-06-19,2330,61142624,13754800554,225.5,226.0,224.0,225.0,-6.0,19088
356,2018-06-20,2330,40708701,9175159127,224.5,227.5,223.5,226.0,1.0,13262
357,2018-06-21,2330,32572707,7379769339,227.5,228.0,226.0,226.5,0.5,9421
358,2018-06-22,2330,44211409,9994644852,224.5,227.5,224.0,227.5,1.0,14388
359,2018-06-25,2330,49058211,10749795782,220.0,220.5,218.0,218.0,0.0,17959
360,2018-06-26,2330,43080346,9242648746,215.5,216.0,212.5,214.5,-3.5,15639
361,2018-06-27,2330,40863414,8742004301,216.0,216.0,212.5,213.0,-1.5,12681
362,2018-06-28,2330,38816780,8231075920,211.0,214.5,210.0,212.0,-1.0,10772
363,2018-06-29,2330,36848680,7919779720,212.0,217.0,212.0,216.5,4.5,8652
364,2018-07-02,2330,33496442,7257081470,218.5,219.0,214.0,214.0,-2.5,8508
365,2018-07-03,2330,28663220,6173115899,215.5,218.0,213.5,214.5,0.5,7758
366,2018-07-04,2330,15359295,3324927032,217.0,217.5,215.5,216.0,1.5,5434
367,2018-07-05,2330,18225416,3904832940,214.0,215.0,213.0,214.5,-1.5,5581
368,2018-07-06,2330,31344962,6779063394,217.5,217.5,215.0,217.0,2.5,8620
369,2018-07-09,2330,41165793,9100880393,219.5,223.0,218.5,221.5,4.5,14795
370,2018-07-10,2330,20196957,4498264914,223.0,224.0,222.0,222.0,0.5,6922
371,2018-07-11,2330,19854690,4355547100,220.0,220.0,218.0,220.0,-2.0,7437
372,2018-07-12,2330,23806051,5246628771,218.0,222.0,218.0,220.5,0.5,7885
373,2018-07-13,2330,30419311,6799894334,222.5,224.5,222.5,224.5,4.0,11723
374,2018-07-16,2330,16107254,3612296896,224.5,225.0,223.5,223.5,-1.0,6321
375,2018-07-17,2330,22554436,5003028272,222.5,223.5,221.0,221.5,-2.0,8636
376,2018-07-18,2330,45802658,10221407834,223.0,224.0,222.0,223.0,1.5,12139
377,2018-07-19,2330,43976216,9930715930,225.5,227.0,224.5,224.5,1.5,12076
378,2018-07-20,2330,103652023,24367904428,235.0,237.5,233.0,237.5,13.0,39544
379,2018-07-23,2330,52269877,12621500480,239.0,245.0,238.5,241.0,3.5,19777
380,2018-07-24,2330,27468267,6599675515,240.0,241.5,238.5,241.0,0.0,10574
381,2018-07-25,2330,21530312,5173924310,239.0,241.0,239.0,240.5,-0.5,8491
382,2018-07-26,2330,30856388,7435261120,241.0,242.5,239.5,241.0,0.5,10235
383,2018-07-27,2330,27129646,6605479210,242.0,244.5,241.0,244.5,3.5,12493
384,2018-07-30,2330,22803730,5585710909,244.5,245.5,244.0,245.5,1.0,9953
385,2018-07-31,2330,28202542,6912550610,243.5,246.0,242.0,246.0,0.5,9460
386,2018-08-01,2330,29777161,7375488342,247.0,248.0,246.5,248.0,2.0,11667
387,2018-08-02,2330,22775110,5611725541,249.0,249.5,243.5,244.5,-3.5,10343
388,2018-08-03,2330,25165097,6205758662,246.0,248.0,245.0,247.0,2.5,9585
389,2018-08-06,2330,22364568,5487396854,245.0,247.0,244.0,245.5,-1.5,9732
390,2018-08-07,2330,24352418,5922738042,245.0,245.5,241.5,241.5,-4.0,9665
391,2018-08-08,2330,24382432,6011480272,245.0,247.5,244.5,247.5,6.0,10247
392,2018-08-09,2330,15128655,3740736404,247.0,248.0,246.0,247.0,-0.5,7127
393,2018-08-10,2330,16125492,3961311040,246.5,247.0,244.5,245.0,-2.0,6558
394,2018-08-13,2330,17881194,4302280285,241.5,243.0,239.0,240.5,-4.5,9875
395,2018-08-14,2330,17488913,4262753253,245.0,245.0,242.5,243.5,3.0,7415
396,2018-08-15,2330,19236321,4642117523,244.5,244.5,239.5,241.5,-2.0,8920
397,2018-08-16,2330,19155966,4587260340,238.0,241.5,238.0,239.0,-2.5,9397
398,2018-08-17,2330,19634474,4707354383,239.5,241.0,239.0,239.5,0.5,6680
399,2018-08-20,2330,17014437,4068729103,239.5,240.0,238.0,239.5,0.0,6640
400,2018-08-21,2330,13871127,3328215657,239.0,241.0,238.5,241.0,1.5,5474
401,2018-08-22,2330,12679240,3063201922,241.5,242.5,240.5,242.0,1.0,5009
402,2018-08-23,2330,17216240,4200671070,243.0,244.5,243.0,244.5,2.5,5660
403,2018-08-24,2330,15446943,3772959070,245.5,246.0,243.0,243.5,-1.0,5099
404,2018-08-27,2330,15579299,3825736755,246.0,246.5,244.5,245.0,1.5,7858
405,2018-08-28,2330,40410531,10075613779,248.5,250.0,248.0,249.5,4.5,16881
406,2018-08-29,2330,57633182,14784556456,253.5,259.0,253.5,259.0,9.5,25668
407,2018-08-30,2330,52622808,13914404873,264.5,268.0,262.5,263.5,4.5,22862
408,2018-08-31,2330,70000506,17920548387,257.5,259.0,254.0,256.0,-7.5,19019
409,2018-09-03,2330,34510555,8901193266,259.0,260.0,256.5,257.0,1.0,11442
410,2018-09-04,2330,41455615,10654493061,258.5,259.5,255.5,257.5,0.5,9069
411,2018-09-05,2330,52706459,13833360422,260.0,264.5,259.0,264.0,6.5,16421
412,2018-09-06,2330,39779488,10467251488,268.0,268.0,261.0,261.0,-3.0,11996
413,2018-09-07,2330,44746728,11753033262,263.0,264.0,260.5,264.0,3.0,15015
414,2018-09-10,2330,62851599,16669866076,266.5,266.5,262.5,264.5,0.5,15504
415,2018-09-11,2330,44981276,11709484991,263.0,263.5,258.0,260.0,-4.5,14768
416,2018-09-12,2330,38415965,9987682900,261.0,262.0,258.0,260.5,0.5,12104
417,2018-09-13,2330,37959180,9721989110,260.0,260.0,253.5,255.0,-5.5,14987
418,2018-09-14,2330,40034219,10379404959,257.0,261.5,257.0,261.0,6.0,15690
419,2018-09-17,2330,25041358,6483537091,262.5,262.5,257.0,258.0,-3.0,10710
420,2018-09-18,2330,34381152,8771502830,256.5,257.0,254.0,254.5,-3.5,11097
421,2018-09-19,2330,69978711,18074954749,258.0,260.0,257.0,258.0,3.5,14056
422,2018-09-20,2330,35577071,9225009310,261.5,261.5,257.5,260.0,2.0,9444
423,2018-09-21,2330,36500974,9510363894,261.5,261.5,258.0,261.5,1.5,10159
424,2018-09-25,2330,24978062,6552894296,261.5,264.0,260.5,263.5,2.0,10082
425,2018-09-26,2330,25061115,6577367245,263.0,263.5,261.0,263.5,0.0,7007
426,2018-09-27,2330,38495371,10185827315,264.0,266.0,262.0,265.0,1.5,11536
427,2018-09-28,2330,39645486,10412455506,266.0,266.0,260.0,262.5,-2.5,13060
428,2018-10-01,2330,22409380,5882532290,262.0,264.0,261.0,263.0,0.5,11914
429,2018-10-02,2330,38391491,9926505357,262.0,263.0,257.0,257.5,-5.5,17095
430,2018-10-03,2330,25228536,6527393860,257.5,260.0,257.0,260.0,2.5,9992
431,2018-10-04,2330,38009727,9690178362,257.0,257.5,254.0,254.0,-6.0,15094
432,2018-10-05,2330,40396660,10101451270,250.0,253.0,248.5,250.0,-4.0,16031
433,2018-10-08,2330,51083958,12426290240,245.5,246.5,241.0,243.5,-6.5,20745
434,2018-10-09,2330,28933345,7051600725,243.5,245.0,242.0,244.0,0.5,11743
435,2018-10-11,2330,96033657,22115862239,233.5,233.5,227.0,227.5,-16.5,37543
436,2018-10-12,2330,54439769,12650322522,231.0,237.0,229.0,237.0,9.5,17980
437,2018-10-15,2330,46471280,10766953220,234.0,234.0,230.5,230.5,-6.5,16558
438,2018-10-16,2330,39129077,9155829047,229.5,237.0,229.0,237.0,6.5,15182
439,2018-10-17,2330,42887858,10318955161,241.5,243.0,238.0,238.5,1.5,17550
440,2018-10-18,2330,27793430,6587887632,238.0,239.0,235.5,236.5,-2.0,10599
441,2018-10-19,2330,29648460,6927405460,231.0,236.5,230.0,236.0,-0.5,12378
442,2018-10-22,2330,29275777,6872467149,232.5,238.0,231.5,237.0,1.0,10384
443,2018-10-23,2330,36757745,8538586595,232.0,234.0,230.0,230.0,-7.0,13071
444,2018-10-24,2330,45480950,10426514872,230.0,231.0,227.0,229.5,-0.5,17339
445,2018-10-25,2330,75524118,16643542368,220.5,222.0,219.5,219.5,-10.0,27514
446,2018-10-26,2330,54073644,11941421696,223.0,224.0,217.0,221.0,1.5,17106
447,2018-10-29,2330,18463792,4107663616,223.0,224.0,221.0,222.5,1.5,7679
448,2018-10-30,2330,29085931,6487213284,221.0,225.0,220.5,223.0,0.5,8574
449,2018-10-31,2330,59933201,13844478353,228.0,234.0,228.0,234.0,11.0,19183
450,2018-11-01,2330,44514797,10480329245,236.0,237.0,233.0,235.5,1.5,11435
451,2018-11-02,2330,30785361,7249667833,236.5,236.5,233.5,236.5,1.0,11223
452,2018-11-05,2330,28157065,6592130635,233.0,235.5,232.0,235.0,-1.5,6994
453,2018-11-06,2330,35501176,8311988968,234.0,235.5,232.5,234.5,-0.5,7013
454,2018-11-07,2330,39842652,9337023278,233.0,236.0,232.5,234.0,-0.5,7387
455,2018-11-08,2330,28086146,6645771069,237.5,237.5,236.0,236.5,2.5,9461
456,2018-11-09,2330,23792081,5526997792,234.5,234.5,231.0,231.0,-5.5,7886
457,2018-11-12,2330,26202445,6101377163,230.0,234.5,230.0,231.5,0.5,6252
458,2018-11-13,2330,37565127,8504691960,224.5,228.0,224.5,227.5,-4.0,11507
459,2018-11-14,2330,24565279,5639284241,230.0,231.0,228.5,228.5,1.0,6007
460,2018-11-15,2330,22230228,5124189444,229.5,232.0,228.5,231.0,2.5,5996
461,2018-11-16,2330,47138909,10696822542,229.0,229.0,225.0,226.0,-5.0,16009
462,2018-11-19,2330,51034754,11355347628,225.0,225.0,221.0,222.0,-4.0,16289
463,2018-11-20,2330,45686756,9995960780,219.0,220.5,218.0,218.0,-4.0,16874
464,2018-11-21,2330,38478343,8361178460,214.5,220.0,214.0,219.0,1.0,13580
465,2018-11-22,2330,22060610,4867686945,221.5,222.0,219.0,219.0,0.0,9095
466,2018-11-23,2330,15553334,3406422046,220.5,220.5,217.0,218.5,-0.5,6164
467,2018-11-26,2330,35267804,7847501792,219.0,224.0,218.5,223.0,4.5,9422
468,2018-11-27,2330,32676349,7239283641,220.0,224.5,219.0,224.0,1.0,10170
469,2018-11-28,2330,24759026,5560623349,222.5,227.0,222.0,226.5,2.5,8316
470,2018-11-29,2330,46206207,10629450003,231.5,231.5,229.0,229.0,2.5,15849
471,2018-11-30,2330,57352957,12995823319,229.5,231.0,225.5,225.5,-3.5,10931
472,2018-12-03,2330,49612186,11579966474,231.0,235.0,231.0,235.0,9.5,19747
473,2018-12-04,2330,41947162,9791147799,233.0,234.5,231.0,234.0,-1.0,12545
474,2018-12-05,2330,45634576,10316394736,226.5,227.5,225.0,226.0,-8.0,15703
475,2018-12-06,2330,40181112,8853295746,220.0,222.0,219.5,220.0,-6.0,15702
476,2018-12-07,2330,31997568,7097739916,222.5,223.5,220.5,221.0,1.0,8315
477,2018-12-10,2330,26229461,5744814170,219.5,220.0,218.5,219.0,-2.0,8650
478,2018-12-11,2330,27395220,6067551383,220.0,223.0,219.0,222.5,3.5,8509
479,2018-12-12,2330,32926379,7418108779,223.5,227.0,222.5,226.5,4.0,9117
480,2018-12-13,2330,32433141,7345479366,227.0,227.5,225.0,226.0,-0.5,8635
481,2018-12-14,2330,43226159,9570070114,223.0,223.5,220.5,222.5,-3.5,10454
482,2018-12-17,2330,18964952,4229977248,221.0,225.0,220.0,223.5,1.0,6449
483,2018-12-18,2330,30270541,6713448829,221.0,223.0,220.5,222.5,-1.0,10521
484,2018-12-19,2330,23415082,5255393450,222.0,225.5,222.0,225.5,3.0,7875
485,2018-12-20,2330,38697116,8573665030,221.0,222.5,221.0,221.0,-4.5,10528
486,2018-12-21,2330,46947532,10401202852,219.0,224.0,219.0,223.5,2.5,9554
487,2018-12-22,2330,5185247,1145814834,220.0,221.5,220.0,221.5,-2.0,2229
488,2018-12-24,2330,23376100,5151549100,221.5,221.5,219.5,220.0,-1.5,6122
489,2018-12-25,2330,19402777,4198767163,215.5,218.0,215.0,217.5,-2.5,8065
490,2018-12-26,2330,16893259,3678108462,218.5,219.5,216.0,216.5,-1.0,6998
491,2018-12-27,2330,21915484,4874845852,222.0,224.0,220.5,223.0,6.5,9531
492,2018-12-28,2330,30156773,6762447425,223.5,225.5,222.5,225.5,2.5,10247
493,2019-01-02,2330,32900482,7276419230,226.5,226.5,219.0,219.5,-6.0,12329
494,2019-01-03,2330,34615620,7459051790,214.0,218.0,214.0,215.5,-4.0,14549
495,2019-01-04,2330,67043521,13987136785,211.5,211.5,206.5,208.0,-7.5,28786
496,2019-01-07,2330,35695176,7591116569,212.0,214.0,211.0,213.0,5.0,11224
497,2019-01-08,2330,23794481,5019703557,212.0,212.5,210.0,211.0,-2.0,9377
498,2019-01-09,2330,51255446,11006827093,212.0,216.5,211.0,215.5,4.5,14098
499,2019-01-10,2330,20832593,4491377349,216.0,216.5,214.5,216.0,0.5,6018
500,2019-01-11,2330,28658288,6296719320,219.0,220.5,218.0,220.5,4.5,11198
501,2019-01-14,2330,17612296,3844735324,218.5,220.0,217.0,218.5,-2.0,6469
502,2019-01-15,2330,42990923,9399209983,216.5,221.0,215.5,221.0,2.5,11609
503,2019-01-16,2330,30038282,6563789758,218.5,220.0,217.5,217.5,-3.5,8950
504,2019-01-17,2330,21163986,4646131841,218.0,221.0,218.0,220.5,3.0,8288
505,2019-01-18,2330,52677569,11530053787,219.0,220.0,217.5,218.5,-2.0,15157
506,2019-01-21,2330,32515866,7208829658,220.0,223.0,220.0,221.0,2.5,10549
507,2019-01-22,2330,30958483,6854867566,220.0,223.0,219.0,223.0,2.0,8258
508,2019-01-23,2330,18671213,4121110926,221.5,222.0,220.0,220.5,-2.5,7059
509,2019-01-24,2330,31348924,6958753608,222.5,222.5,220.5,222.5,2.0,6291
510,2019-01-25,2330,48039764,10870045150,226.5,227.0,225.0,226.0,3.5,14979
511,2019-01-28,2330,29134257,6665379096,229.5,229.5,228.0,229.0,3.0,10189
512,2019-01-29,2330,42566520,9486156460,222.5,225.0,222.0,222.5,-6.5,13344
513,2019-01-30,2330,51889945,11453957730,220.5,221.5,220.0,221.0,-1.5,12858
514,2019-02-11,2330,81360106,18546167132,228.0,229.0,226.5,228.0,7.0,21689
515,2019-02-12,2330,30125670,6921488930,230.0,230.0,229.0,230.0,2.0,13313
516,2019-02-13,2330,28634925,6575201825,232.0,232.0,228.5,229.0,-1.0,10230
517,2019-02-14,2330,23647751,5392943977,229.5,230.0,226.0,227.0,-2.0,6873
518,2019-02-15,2330,22369799,5093773373,229.0,229.0,226.5,227.0,0.0,5743
519,2019-02-18,2330,18163916,4169729625,229.0,230.5,228.5,230.0,3.0,7035
520,2019-02-19,2330,18423023,4228108427,230.0,230.5,229.0,229.0,-1.0,6471
521,2019-02-20,2330,31887710,7430197670,231.5,234.5,231.0,234.5,5.5,14241
522,2019-02-21,2330,34013489,8013908284,235.5,236.5,234.5,236.5,2.0,11443
523,2019-02-22,2330,22032163,5187054985,235.5,236.5,234.0,236.5,0.0,6913
524,2019-02-25,2330,25227138,5995746054,237.5,239.0,236.0,238.0,1.5,8527
525,2019-02-26,2330,24586789,5864298571,239.0,240.0,236.5,239.5,1.5,7994
526,2019-02-27,2330,37947889,9052540803,238.5,239.5,237.0,239.0,-0.5,9931
527,2019-03-04,2330,45164513,10691130829,239.5,239.5,234.5,235.5,-3.5,13323
528,2019-03-05,2330,23708407,5533050748,234.0,234.5,232.5,233.0,-2.5,8706
529,2019-03-06,2330,20811226,4872352124,235.0,235.5,233.5,234.0,1.0,7090
530,2019-03-07,2330,17226192,4029782428,235.0,235.0,233.0,234.0,0.0,5768
531,2019-03-08,2330,22535659,5183171608,231.0,231.5,229.0,230.0,-4.0,8931
532,2019-03-11,2330,34282793,7835079913,228.0,230.5,227.5,230.5,0.5,7451
533,2019-03-12,2330,23839972,5601351324,233.0,237.0,232.5,235.5,5.0,9253
534,2019-03-13,2330,22493195,5308051755,234.0,237.0,234.0,237.0,1.5,6269
535,2019-03-14,2330,17281356,4077045380,239.0,239.0,234.0,234.5,-2.5,6564
536,2019-03-15,2330,34542729,8231572752,237.0,239.5,235.5,239.0,4.5,8872
537,2019-03-18,2330,27040532,6493129050,239.5,241.0,239.0,241.0,2.0,10690
538,2019-03-19,2330,14620009,3496720720,239.0,240.5,238.0,240.5,-0.5,7105
539,2019-03-20,2330,23055971,5563557011,242.0,242.0,239.5,242.0,1.5,6757
540,2019-03-21,2330,27514502,6710510004,242.5,245.5,241.0,245.5,3.5,11071
541,2019-03-22,2330,22996467,5680726299,248.0,248.5,244.5,248.5,3.0,10485
542,2019-03-25,2330,19273254,4662705968,240.5,243.5,240.5,241.5,-7.0,8468
543,2019-03-26,2330,21053170,5109273236,243.0,244.0,241.0,244.0,2.5,6630
544,2019-03-27,2330,23622089,5703467700,242.0,242.5,240.5,241.5,-2.5,7603
545,2019-03-28,2330,13998054,3379510718,240.5,242.5,240.0,242.0,0.5,3948
546,2019-03-29,2330,31024810,7568601014,243.0,245.5,240.5,245.5,3.5,6712
547,2019-04-01,2330,35330656,8758161220,251.0,251.0,245.0,245.5,0.0,13292
548,2019-04-02,2330,25189053,6226523038,249.5,249.5,246.0,246.0,0.5,9171
549,2019-04-03,2330,28581323,7075597562,249.0,249.0,246.5,246.5,0.5,8067
550,2019-04-08,2330,46426821,11682512762,251.0,253.0,250.5,253.0,6.5,16430
551,2019-04-09,2330,22745674,5760337782,253.0,254.0,252.0,254.0,1.0,8323
552,2019-04-10,2330,33174934,8403528302,253.0,254.5,252.0,254.0,0.0,9992
553,2019-04-11,2330,25146840,6347861680,253.0,254.0,251.5,252.0,-2.0,8284
554,2019-04-12,2330,13888148,3496444666,251.5,253.0,251.0,252.0,0.0,4931
555,2019-04-15,2330,17257002,4403988510,255.0,256.0,254.0,255.5,3.5,6739
556,2019-04-16,2330,20231648,5185697928,257.0,257.0,255.5,257.0,1.5,7676
557,2019-04-17,2330,39037191,10202504410,260.0,263.0,259.5,261.5,4.5,13486
558,2019-04-18,2330,48525490,12836006732,264.0,266.0,263.5,264.5,3.0,12208
559,2019-04-19,2330,47698699,12712409558,269.0,269.5,263.5,264.5,0.0,14431
560,2019-04-22,2330,24967393,6635995145,266.5,267.5,265.0,266.0,1.5,8527
561,2019-04-23,2330,26251847,7017363629,266.5,268.0,266.0,268.0,2.0,9394
562,2019-04-24,2330,37386755,10044241090,270.0,270.0,267.5,269.0,1.0,9687
563,2019-04-25,2330,36572455,9800038536,268.5,269.0,267.0,267.5,-1.5,7331
564,2019-04-26,2330,51743804,13459329059,262.0,263.0,257.5,260.0,-7.5,16674
565,2019-04-29,2330,32651618,8477117257,260.0,262.0,258.5,259.5,-0.5,10407
566,2019-04-30,2330,40446419,10484399861,260.0,260.5,258.0,259.0,-0.5,10939
567,2019-05-02,2330,27376394,7122135656,261.5,262.5,258.5,259.0,0.0,9110
568,2019-05-03,2330,30200246,7940572444,262.0,265.0,260.5,265.0,6.0,10068
569,2019-05-06,2330,33688187,8717053470,260.0,260.0,258.0,259.0,-6.0,12535
570,2019-05-07,2330,25686126,6719199455,259.5,263.0,259.0,262.5,3.5,8339
571,2019-05-08,2330,25902364,6750083504,260.0,261.5,259.5,260.0,-2.5,7905
572,2019-05-09,2330,34166574,8798140796,259.5,259.5,256.0,256.5,-3.5,10995
573,2019-05-10,2330,18868212,4844594484,257.0,259.0,255.0,256.0,-0.5,8009
574,2019-05-13,2330,29317535,7374249589,253.0,254.0,249.5,250.5,-5.5,11974
575,2019-05-14,2330,45620708,11345067455,247.5,251.0,245.0,248.5,-2.0,14283
576,2019-05-15,2330,37223479,9327051888,251.0,252.0,249.0,249.0,0.5,12041
577,2019-05-16,2330,30331519,7520908612,248.5,249.5,246.0,247.0,-2.0,11402
578,2019-05-17,2330,40006856,9775372898,249.0,249.0,241.5,241.5,-5.5,15217
579,2019-05-20,2330,47097661,11303513908,242.5,243.0,238.0,238.0,-3.5,13099
580,2019-05-21,2330,82872775,19418705158,233.5,236.0,232.5,234.0,-4.0,25418
581,2019-05-22,2330,36289034,8669172710,236.5,240.5,235.5,238.0,4.0,14019
582,2019-05-23,2330,62258627,14379543985,233.5,233.5,230.0,230.0,-8.0,24974
583,2019-05-24,2330,38226789,8866253632,230.0,234.0,230.0,233.0,3.0,14586
584,2019-05-27,2330,37447033,8697538216,234.0,235.0,231.0,231.0,-2.0,13895
585,2019-05-28,2330,99322033,22910765567,232.0,232.0,230.5,230.5,-0.5,10122
586,2019-05-29,2330,32260236,7385029780,228.0,230.5,227.0,229.5,-1.0,10233
587,2019-05-30,2330,40375328,9292745636,230.0,231.5,229.0,231.0,1.5,8772
588,2019-05-31,2330,49163217,11559578381,232.0,237.5,231.0,235.5,4.5,14365
589,2019-06-03,2330,36687092,8651389851,235.5,238.5,232.0,238.0,2.5,8857
590,2019-06-04,2330,24443428,5745045809,237.5,238.0,233.0,233.0,-5.0,11779
591,2019-06-05,2330,35901584,8461930934,238.0,238.0,234.0,235.0,2.0,12064
592,2019-06-06,2330,34651731,8008768323,231.5,232.0,229.5,232.0,-3.0,14723
593,2019-06-10,2330,35521888,8442986620,237.5,240.0,234.5,240.0,8.0,15588
594,2019-06-11,2330,34691670,8448805962,240.0,246.0,239.0,244.5,4.5,13157
595,2019-06-12,2330,30409556,7469805086,244.5,247.5,243.0,246.0,1.5,11457
596,2019-06-13,2330,33731724,8136137708,242.5,244.0,240.0,240.0,-6.0,13552
597,2019-06-14,2330,35403556,8396819832,238.5,239.5,236.0,236.0,-4.0,14911
598,2019-06-17,2330,51692012,12043369475,231.5,235.0,230.5,233.0,-3.0,20943
599,2019-06-18,2330,28798087,6758454612,234.0,235.5,233.0,235.5,2.5,9681
600,2019-06-19,2330,50234372,12181979568,242.5,244.0,240.5,244.0,8.5,20528
601,2019-06-20,2330,39717291,9697726719,242.0,245.5,241.0,245.0,1.0,13879
602,2019-06-21,2330,62136304,15398139830,248.0,248.5,246.0,248.5,3.5,19049
603,2019-06-24,2330,43460507,10476936660,241.0,242.0,240.0,241.0,0.0,17780
604,2019-06-25,2330,29735283,7118002390,241.0,241.5,237.0,238.5,-2.5,11130
605,2019-06-26,2330,28770041,6757991717,235.0,236.5,234.0,234.5,-4.0,13535
606,2019-06-27,2330,42007834,10063332494,236.0,241.5,236.0,240.5,6.0,14983
607,2019-06-28,2330,28085212,6715488371,241.5,241.5,238.0,239.0,-1.5,8987
608,2019-07-01,2330,66370875,16445222750,245.5,250.0,245.0,248.5,9.5,29551
609,2019-07-02,2330,26832202,6671951743,249.5,250.0,247.5,249.0,0.5,12531
610,2019-07-03,2330,29549774,7190777082,244.0,245.0,242.0,242.5,-6.5,16033
611,2019-07-04,2330,18691240,4561556160,244.5,245.0,242.5,244.0,1.5,8565
612,2019-07-05,2330,27317074,6624379927,244.5,245.0,241.5,243.0,-1.0,9013
613,2019-07-08,2330,29190909,7057462187,240.0,244.5,240.0,242.5,-0.5,10552
614,2019-07-09,2330,16538987,3998096596,241.5,243.0,240.5,242.0,-0.5,6486
615,2019-07-10,2330,23812131,5839691357,243.0,247.0,243.0,247.0,5.0,12366
616,2019-07-11,2330,31296289,7809358257,250.0,250.0,247.5,250.0,3.0,14360
617,2019-07-12,2330,23868432,5984689000,252.0,252.0,249.5,250.5,0.5,8363
618,2019-07-15,2330,34264300,8663129910,251.0,254.5,249.5,254.5,4.0,12174
619,2019-07-16,2330,26141249,6678755679,254.0,256.5,253.5,256.0,1.5,8994
620,2019-07-17,2330,34346648,8686815824,254.0,254.0,251.0,252.0,-4.0,11106
621,2019-07-18,2330,20908575,5300082470,252.0,254.5,251.5,254.0,2.0,8245
622,2019-07-19,2330,59879798,15573278932,259.5,261.0,259.0,259.0,5.0,21827
623,2019-07-22,2330,31863639,8385222407,263.0,264.0,262.0,264.0,5.0,13424
624,2019-07-23,2330,29273223,7734089131,265.5,266.5,262.5,264.0,0.0,12791
625,2019-07-24,2330,24511039,6484708226,266.5,266.5,263.0,265.0,1.0,10617
626,2019-07-25,2330,30698545,8091922380,264.0,265.0,261.5,265.0,0.0,10643
627,2019-07-26,2330,20768071,5434082968,261.0,262.5,261.0,261.0,-4.0,8850
628,2019-07-29,2330,18473320,4822762518,260.0,262.0,259.5,261.0,0.0,6681
629,2019-07-30,2330,22895612,5975389270,262.5,263.0,260.0,260.0,-1.0,7191
630,2019-07-31,2330,36365601,9413416604,260.0,260.0,257.0,259.5,-0.5,10468
631,2019-08-01,2330,30107526,7722031382,257.5,257.5,255.5,256.5,-3.0,11372
632,2019-08-02,2330,54165644,13627068452,252.0,253.5,250.5,251.5,-5.0,18096
633,2019-08-05,2330,52835721,13092403583,251.0,252.0,245.5,246.5,-5.0,20136
634,2019-08-06,2330,58916879,14440787992,240.0,250.0,240.0,248.5,2.0,22358
635,2019-08-07,2330,29435460,7305272500,250.0,250.5,246.5,248.0,-0.5,11208
636,2019-08-08,2330,30140266,7599200564,248.0,254.0,248.0,253.5,5.5,11228
637,2019-08-12,2330,24732603,6242935989,254.5,254.5,251.0,251.0,-2.5,8415
638,2019-08-13,2330,25045107,6204239476,249.0,249.5,246.5,246.5,-4.5,11377
639,2019-08-14,2330,36336703,9142333535,252.5,254.0,249.5,249.5,3.0,13609
640,2019-08-15,2330,28277412,6994442633,247.0,248.5,246.0,248.0,-1.5,10852
641,2019-08-16,2330,25696715,6420744887,249.5,252.0,248.0,250.0,2.0,8994
642,2019-08-19,2330,25098514,6326683127,251.5,253.0,250.5,252.0,2.0,9398
643,2019-08-20,2330,20620494,5233263533,254.0,254.5,252.5,254.5,2.5,8214
644,2019-08-21,2330,20269296,5152545480,254.5,255.0,253.0,254.5,0.0,7383
645,2019-08-22,2330,22136840,5659296700,257.0,257.5,254.0,254.0,-0.5,8794
646,2019-08-23,2330,14772877,3748071178,253.5,254.5,253.0,254.0,0.0,5663
647,2019-08-26,2330,31740620,7910873500,249.0,250.5,248.5,248.5,-5.5,13388
648,2019-08-27,2330,53664951,13410582151,250.5,251.0,248.5,250.0,1.5,8939
649,2019-08-28,2330,15280882,3852096070,250.5,253.0,250.5,252.0,2.0,6829
650,2019-08-29,2330,20085767,5078703588,253.0,254.0,251.0,254.0,2.0,6596
651,2019-08-30,2330,35299201,9092482858,256.5,259.0,256.0,259.0,5.0,13703
652,2019-09-02,2330,14776854,3800453292,258.0,258.0,256.0,257.5,-1.5,7608
653,2019-09-03,2330,26086495,6642868555,256.5,258.0,253.0,254.0,-3.5,11210
654,2019-09-04,2330,23697733,6081456520,254.0,258.0,254.0,257.5,3.5,9291
655,2019-09-05,2330,49041728,12869665251,263.0,263.0,260.5,263.0,5.5,22796
656,2019-09-06,2330,26609515,7016868801,265.0,265.0,263.0,263.5,0.5,11957
657,2019-09-09,2330,17317833,4585545966,265.5,266.0,263.5,265.0,1.5,8762
658,2019-09-10,2330,30019866,7862297242,263.5,264.0,260.5,261.5,-3.5,11831
659,2019-09-11,2330,36266015,9508884445,264.0,264.5,260.5,263.0,1.5,12058
660,2019-09-12,2330,38792293,10198483555,265.0,265.0,261.5,262.5,-0.5,8282
661,2019-09-16,2330,38913966,10258240252,262.0,265.5,261.5,265.5,3.0,11120
662,2019-09-17,2330,30069844,7979032930,266.5,266.5,264.5,265.0,-0.5,9222
663,2019-09-18,2330,51360759,13754334364,267.0,269.5,266.5,267.0,2.0,17993
664,2019-09-19,2330,27165567,7216457755,268.0,268.0,264.0,265.0,0.0,10194
665,2019-09-20,2330,44555865,11785924559,266.0,266.5,264.0,264.0,-1.0,9109
666,2019-09-23,2330,14220208,3749146092,264.0,264.0,263.0,264.0,0.0,5647
667,2019-09-24,2330,24304943,6419420695,263.5,265.5,262.0,265.0,1.0,9180
668,2019-09-25,2330,23244163,6144037875,262.5,266.0,262.0,266.0,1.0,7145
669,2019-09-26,2330,34128103,9139219995,269.0,269.5,266.5,268.0,2.0,11861
670,2019-09-27,2330,44242817,12021629536,271.5,272.5,271.0,272.0,4.0,16626
671,2019-10-01,2330,75248890,20886838992,273.0,280.5,273.0,280.0,8.0,26648
672,2019-10-02,2330,30572953,8553297334,280.0,281.0,279.0,279.5,-0.5,12294
673,2019-10-03,2330,35874864,9891620358,274.0,277.5,274.0,276.5,-3.0,12853
674,2019-10-04,2330,35814613,9924872301,279.5,280.0,275.0,276.5,0.0,13780
675,2019-10-07,2330,17750230,4944376000,279.0,279.5,277.5,278.0,1.5,7757
676,2019-10-08,2330,39868551,11341522526,283.5,286.5,282.5,286.5,8.5,16721
677,2019-10-09,2330,34895456,9890256397,283.5,286.0,282.0,282.0,-4.5,14567
678,2019-10-14,2330,53403517,15508059122,291.5,291.5,288.5,290.0,8.0,17812
679,2019-10-15,2330,54754830,16088110873,293.5,296.0,292.0,293.5,3.5,15485
680,2019-10-16,2330,42917144,12670374493,298.0,298.0,293.5,296.5,3.0,16650
681,2019-10-17,2330,41920938,12296120182,295.0,295.5,292.0,293.5,-3.0,15170
682,2019-10-18,2330,45460984,13299843176,293.0,295.5,291.0,293.0,-0.5,18000
683,2019-10-21,2330,35860365,10389254035,291.0,291.0,288.5,290.0,-3.0,14682
684,2019-10-22,2330,26525020,7767636380,292.5,294.0,291.5,294.0,4.0,10186
685,2019-10-23,2330,30382408,8877572772,293.5,293.5,290.5,293.0,-1.0,11753
686,2019-10-24,2330,29040827,8488069650,294.5,294.5,291.0,293.0,0.0,10649
687,2019-10-25,2330,25082711,7362074526,294.5,294.5,292.5,293.5,0.5,11064
688,2019-10-28,2330,20216561,5958714595,295.0,295.5,294.0,294.5,1.0,9257
689,2019-10-29,2330,37130131,11044649541,297.0,298.5,296.5,298.5,4.0,14060
690,2019-10-30,2330,32370342,9646551600,298.5,299.5,296.5,299.5,1.0,11084
691,2019-10-31,2330,43123514,12921309531,300.0,301.5,298.5,298.5,-1.0,12997
692,2019-11-01,2330,30216678,8998151212,299.5,299.5,296.5,299.0,0.5,10241
693,2019-11-04,2330,45155671,13767873778,302.5,308.0,301.0,307.0,8.0,18475
694,2019-11-05,2330,32253184,9965563625,307.5,310.5,307.0,310.5,3.5,13698
695,2019-11-06,2330,22149743,6864516290,309.0,311.5,308.0,311.0,0.5,9660
696,2019-11-07,2330,28453659,8769417841,310.0,310.0,306.5,309.0,-2.0,12277
697,2019-11-08,2330,26230542,8040782450,308.5,309.0,305.5,305.5,-3.5,12740
698,2019-11-11,2330,35285583,10660082266,305.0,305.0,300.0,301.0,-4.5,15246
699,2019-11-12,2330,19016708,5774255431,302.5,305.0,302.0,305.0,4.0,8957
700,2019-11-13,2330,18422438,5583245970,303.0,304.0,301.5,304.0,-1.0,6039
701,2019-11-14,2330,15734835,4776767840,304.5,305.0,302.0,303.5,-0.5,6219
702,2019-11-15,2330,29038445,8891701115,305.5,307.5,304.5,307.0,3.5,8672
703,2019-11-18,2330,18741325,5796331075,308.5,311.0,307.0,311.0,4.0,8420
704,2019-11-19,2330,33096197,10365611120,312.5,315.0,311.0,315.0,4.0,11121
705,2019-11-20,2330,24538973,7681229345,314.0,314.0,312.0,313.5,-1.5,9143
706,2019-11-21,2330,30163833,9329845096,309.5,311.0,307.0,311.0,-2.5,11638
707,2019-11-22,2330,26492984,8188665024,310.0,310.5,308.0,309.0,-2.0,9407
708,2019-11-25,2330,19855177,6133713443,310.5,310.5,307.0,307.0,-2.0,8067
709,2019-11-26,2330,101916622,31332308518,310.0,310.5,307.0,307.0,0.0,10321
710,2019-11-27,2330,18527648,5732316828,307.5,311.5,307.5,311.0,4.0,7916
711,2019-11-28,2330,19718982,6111322584,310.0,312.0,308.5,309.5,-1.5,9289
712,2019-11-29,2330,32423561,9922872967,309.0,309.5,305.0,305.0,-4.5,15368
713,2019-12-02,2330,25516807,7844458306,307.0,308.0,306.5,307.5,2.5,8465
714,2019-12-03,2330,27686319,8472595177,305.0,307.0,305.0,307.0,-0.5,9206
715,2019-12-04,2330,34911686,10652239802,305.0,306.0,304.0,306.0,-1.0,9989
716,2019-12-05,2330,39349842,12240671524,309.0,312.0,309.0,312.0,6.0,13587
717,2019-12-06,2330,18402703,5771010050,315.0,316.0,311.0,313.0,1.0,8974
718,2019-12-09,2330,23556081,7433484496,314.0,316.5,314.0,316.0,3.0,10583
719,2019-12-10,2330,20847594,6540475540,315.0,315.5,312.5,313.5,-2.5,8702
720,2019-12-11,2330,34329148,10866410212,314.0,319.0,313.0,319.0,5.5,11689
721,2019-12-12,2330,52801851,17446169339,325.0,334.5,324.0,331.5,12.5,22555
722,2019-12-13,2330,60843939,20697194061,340.0,343.0,338.0,339.0,7.5,23025
723,2019-12-16,2330,48340188,16272523200,336.5,338.5,336.0,336.0,-3.0,16938
724,2019-12-17,2330,41428458,14153896438,335.0,345.0,335.0,345.0,9.0,16808
725,2019-12-18,2330,42486841,14594689501,341.5,345.0,341.5,344.5,-0.5,15836
726,2019-12-19,2330,55667012,18774880620,340.0,342.0,335.0,335.0,0.0,28105
727,2019-12-20,2330,86280459,28483237354,332.0,333.0,328.5,329.0,-6.0,28112
728,2019-12-23,2330,26911340,8923609754,329.5,334.0,329.5,334.0,5.0,12310
729,2019-12-24,2330,13783907,4591661991,334.0,334.5,332.0,332.0,-2.0,7887
730,2019-12-25,2330,12262954,4075131136,332.0,334.5,331.0,333.0,1.0,7597
731,2019-12-26,2330,11427884,3803665702,333.0,334.0,331.5,333.0,0.0,6439
732,2019-12-27,2330,16677806,5624251712,335.0,338.0,335.0,338.0,5.0,8660
733,2019-12-30,2330,21591263,7270827164,338.0,339.0,334.0,334.5,-3.5,10468
734,2019-12-31,2330,22950517,7614538961,331.0,333.5,331.0,331.0,-3.5,12253
735,2020-01-02,2330,33282120,11224165450,332.5,339.0,332.5,339.0,8.0,17160
736,2020-01-03,2330,42023268,14295651580,344.0,345.0,335.5,339.5,0.5,20545
737,2020-01-06,2330,45677057,15210531318,333.0,334.5,332.0,332.0,-7.5,22944
738,2020-01-07,2330,51746181,17053282011,332.5,333.0,326.5,329.5,-2.5,22362
739,2020-01-08,2330,37913748,12484410088,325.0,333.0,325.0,329.5,0.0,18228
740,2020-01-09,2330,32397504,10890847940,335.0,337.5,333.5,337.5,8.0,16793
741,2020-01-10,2330,27880115,9432320316,340.5,341.0,336.0,339.5,2.0,13296
742,2020-01-13,2330,30663332,10455852739,342.0,342.0,339.0,341.5,2.0,13457
743,2020-01-14,2330,30368993,10488360978,345.5,346.0,344.5,346.0,4.5,16339
744,2020-01-15,2330,54575274,18590754206,345.0,345.0,337.5,340.0,-6.0,20392
745,2020-01-16,2330,58217420,19431133895,330.0,336.5,330.0,334.5,-5.5,24721
746,2020-01-17,2330,53908097,17977119406,334.0,335.5,332.0,333.0,-1.5,23954
747,2020-01-20,2330,35551203,11865436839,334.0,335.5,333.0,333.0,0.0,15095
748,2020-01-30,2330,126820049,40734449874,326.0,326.0,316.5,316.5,-16.5,55603
749,2020-01-31,2330,62912055,20205365710,323.0,323.5,319.0,320.0,3.5,22639
750,2020-02-03,2330,59711849,18782694826,315.0,316.5,312.0,315.0,-5.0,26483
751,2020-02-04,2330,52208496,16882411296,319.0,326.0,318.0,325.0,10.0,22587
752,2020-02-05,2330,36601453,11985817083,329.0,329.5,324.5,327.5,2.5,16656
753,2020-02-06,2330,29659094,9803038836,329.5,332.5,329.0,332.5,5.0,14246
754,2020-02-07,2330,30055327,9869903253,330.0,330.5,326.0,328.0,-4.5,13075
755,2020-02-10,2330,30814424,10024967927,321.5,328.0,321.0,327.5,-0.5,14825
756,2020-02-11,2330,29062935,9629938182,330.5,332.5,330.0,331.5,4.0,12766
757,2020-02-12,2330,37612639,12593082711,333.5,336.0,333.0,335.0,3.5,17394
758,2020-02-13,2330,23217021,7805299096,338.0,338.0,335.0,335.0,0.0,12563
759,2020-02-14,2330,18326683,6155862838,337.0,337.0,334.5,335.0,0.0,7881
760,2020-02-17,2330,16145079,5354339726,331.5,333.0,330.5,331.5,-3.5,9747
761,2020-02-18,2330,64662604,20957801150,324.5,326.5,322.0,322.0,-9.5,36520
762,2020-02-19,2330,48856218,15881609046,322.5,327.0,322.0,326.5,4.5,16003
763,2020-02-20,2330,27061736,8832642641,328.0,329.0,325.0,325.5,-1.0,11695
764,2020-02-21,2330,22974534,7463007621,325.5,326.5,323.0,325.0,-0.5,9342
765,2020-02-24,2330,42946680,13754512932,319.5,321.5,319.5,320.0,-5.0,18902
766,2020-02-25,2330,38674011,12425785349,320.0,323.5,317.5,322.0,2.0,17366
767,2020-02-26,2330,60768362,19341695595,317.0,320.5,316.5,318.5,-3.5,24310
768,2020-02-27,2330,62401927,19756146876,319.0,320.0,315.0,316.0,-2.5,20633
769,2020-03-02,2330,86372942,26864484400,308.0,317.0,308.0,311.0,-5.0,35320
770,2020-03-03,2330,55169411,17534766696,318.5,320.0,316.0,317.5,6.5,20713
771,2020-03-04,2330,44745146,14304795666,322.0,322.0,317.0,320.5,3.0,16118
772,2020-03-05,2330,38223525,12392618100,325.0,326.0,323.0,323.0,2.5,15107
773,2020-03-06,2330,52807760,16733485610,320.0,320.5,315.0,315.0,-8.0,24175
774,2020-03-09,2330,88633277,27236002054,307.5,310.0,305.5,305.5,-9.5,44882
775,2020-03-10,2330,74869130,22727941511,301.5,309.0,301.0,307.0,1.5,30268
776,2020-03-11,2330,64923710,19913151529,309.0,310.5,302.0,302.0,-5.0,27176
777,2020-03-12,2330,114173351,33544278206,299.0,299.0,287.0,294.0,-8.0,56989
778,2020-03-13,2330,151268148,42448997546,275.0,294.0,272.5,290.0,-4.0,71990
779,2020-03-16,2330,103933228,29343288916,285.0,291.0,275.5,276.5,-13.5,51292
780,2020-03-17,2330,122409651,32936712540,265.0,276.5,265.0,268.0,-8.5,57123
781,2020-03-18,2330,118620643,31555231792,269.5,272.5,260.0,260.0,-8.0,53985
782,2020-03-19,2330,160811697,39559889553,252.0,253.0,235.5,248.0,0.0,77302
783,2020-03-20,2330,159179726,42110816042,258.5,270.0,256.0,270.0,22.0,69829
784,2020-03-23,2330,76963709,19851467203,257.0,262.5,252.0,255.0,-15.0,41621
785,2020-03-24,2330,82377933,22207033614,268.0,274.0,266.0,267.5,12.5,41077
786,2020-03-25,2330,80514199,22368633590,276.5,280.0,274.0,277.0,9.5,40932
787,2020-03-26,2330,54189633,15108299935,279.5,280.0,275.5,280.0,3.0,27648
788,2020-03-27,2330,69320306,19324060590,284.0,286.0,273.0,273.0,-7.0,36025
789,2020-03-30,2330,53403956,14205364184,263.5,269.0,262.5,267.5,-5.5,27779
790,2020-03-31,2330,53901923,14712557472,273.0,274.0,269.5,274.0,6.5,20343
791,2020-04-01,2330,47572034,13022612818,276.5,276.5,271.5,271.5,-2.5,19580
792,2020-04-06,2330,59712754,16324198154,273.0,275.5,270.0,275.5,4.0,19971
793,2020-04-07,2330,48887346,13817936851,283.5,284.0,280.5,283.0,7.5,24281
794,2020-04-08,2330,38698826,11016972354,285.0,285.5,283.0,285.0,2.0,19126
795,2020-04-09,2330,29276430,8346209654,287.5,288.0,282.5,283.0,-2.0,15271
796,2020-04-10,2330,28206858,7894277586,280.0,282.0,279.0,279.5,-3.5,15833
797,2020-04-13,2330,22196596,6202532380,278.5,281.5,278.5,278.5,-1.0,12809
798,2020-04-14,2330,50196688,14268689661,281.0,285.5,280.0,285.0,6.5,22214
799,2020-04-15,2330,58561434,16819851630,287.0,288.5,286.0,287.5,2.5,25696
800,2020-04-16,2330,48257280,13813721932,283.0,288.5,283.0,286.5,-1.0,19084
801,2020-04-17,2330,117447201,35719172728,303.5,308.5,300.5,306.5,20.0,60873
802,2020-04-20,2330,44586860,13605802989,308.0,309.0,302.5,304.0,-2.5,21791
803,2020-04-21,2330,61949357,18417786171,300.5,301.5,293.5,295.0,-9.0,39043
804,2020-04-22,2330,43568580,12746170556,294.5,295.0,290.5,294.0,-1.0,25176
805,2020-04-23,2330,39977278,11864085990,300.0,300.0,294.0,295.5,1.5,18541
806,2020-04-24,2330,26465090,7799075756,295.5,297.0,294.0,294.0,-1.5,13661
807,2020-04-27,2330,38493406,11461378300,298.0,298.5,296.0,298.0,4.0,15916
808,2020-04-28,2330,37621165,11134919970,298.5,298.5,294.5,296.5,-1.5,18214
809,2020-04-29,2330,46253301,13861245296,299.0,301.5,298.0,299.0,2.5,21633
810,2020-04-30,2330,58439085,17753466901,302.0,305.0,301.5,304.5,5.5,26219
811,2020-05-04,2330,72252861,21341931218,294.5,296.5,294.0,295.0,-9.5,37736
812,2020-05-05,2330,23988405,7104774785,296.5,298.0,295.0,295.5,0.5,13569
813,2020-05-06,2330,35704479,10524838077,294.5,296.0,292.5,296.0,0.5,16046
814,2020-05-07,2330,28017198,8321170642,294.5,299.0,294.5,297.5,1.5,13149
815,2020-05-08,2330,35613893,10619091212,300.0,300.0,296.0,297.5,0.0,14345
816,2020-05-11,2330,32379019,9729431840,300.0,301.5,298.5,301.0,3.5,14920
817,2020-05-12,2330,52494788,15553012596,297.5,298.5,295.0,295.0,-6.0,29073
818,2020-05-13,2330,46158418,13619538824,293.0,297.0,292.5,297.0,2.0,14555
819,2020-05-14,2330,34480948,10119787160,293.0,295.0,292.5,293.0,-4.0,21482
820,2020-05-15,2330,44304804,13170466660,297.5,298.5,294.5,298.0,5.0,20071
821,2020-05-18,2330,96872065,28216346996,291.0,293.5,290.0,290.0,-8.0,49640
822,2020-05-19,2330,53083214,15527338138,294.0,294.0,291.5,291.5,1.5,22033
823,2020-05-20,2330,36789994,10772280152,293.0,294.0,291.0,294.0,2.5,16906
824,2020-05-21,2330,36299468,10782482962,296.0,298.0,295.0,297.5,3.5,17064
825,2020-05-22,2330,41138923,12025339565,294.5,295.0,291.0,292.0,-5.5,22345
826,2020-05-25,2330,32942223,9568008388,290.5,293.0,288.5,292.0,0.0,14585
827,2020-05-26,2330,35817481,10609868646,295.0,297.5,293.5,295.5,3.5,19524
828,2020-05-27,2330,23375959,6932934823,297.0,298.0,295.5,296.5,1.0,11244
829,2020-05-28,2330,32395568,9575118830,298.5,298.5,293.0,294.0,-2.5,13208
830,2020-05-29,2330,96611181,28172174547,292.0,292.5,290.0,292.0,-2.0,21037
831,2020-06-01,2330,37936214,11205227094,294.0,296.5,293.5,295.5,3.5,15502
832,2020-06-02,2330,26663587,7908476089,296.0,297.5,296.0,296.5,1.0,9743
833,2020-06-03,2330,67894337,20354971677,300.0,301.0,298.0,301.0,4.5,33062
834,2020-06-04,2330,47225322,14414983532,305.0,306.0,304.0,306.0,5.0,24482
835,2020-06-05,2330,44077262,13655618646,308.5,312.0,308.0,311.5,5.5,24096
836,2020-06-08,2330,52042921,16500836851,316.0,319.0,315.0,318.0,6.5,28581
837,2020-06-09,2330,37068082,11746874522,316.5,319.0,314.0,319.0,1.0,19981
838,2020-06-10,2330,42207259,13566733306,319.0,324.0,318.0,322.5,3.5,22670
839,2020-06-11,2330,50612255,16340456218,325.5,327.0,318.5,320.5,-2.0,27061
840,2020-06-12,2330,46970918,14811252573,313.0,317.5,312.5,316.0,-4.5,25263
841,2020-06-15,2330,51032404,15955585136,316.0,317.5,308.5,309.5,-6.5,29255
842,2020-06-16,2330,40725216,12823172756,317.0,317.0,314.0,315.0,5.5,19377
843,2020-06-17,2330,34692968,10922017056,316.5,317.0,313.5,315.0,0.0,16218
844,2020-06-18,2330,35443474,11123108346,314.5,315.0,313.0,314.5,0.0,11897
845,2020-06-19,2330,48130280,15102300186,314.0,314.5,312.0,314.5,0.0,12915
846,2020-06-22,2330,37374616,11722688924,314.5,316.5,312.0,312.0,-2.5,18836
847,2020-06-23,2330,41300084,12981121544,316.0,316.5,312.5,315.0,3.0,15959
848,2020-06-24,2330,55464024,17641164202,319.0,320.0,316.0,317.5,2.5,27086
849,2020-06-29,2330,56672892,17695228688,314.0,315.0,310.0,312.0,-5.5,30558
850,2020-06-30,2330,49241860,15386428040,313.5,314.0,311.0,313.0,1.0,16165
851,2020-07-01,2330,29685342,9400765756,315.0,318.0,314.0,317.5,4.5,15617
852,2020-07-02,2330,37789178,12119073560,319.0,322.0,318.0,322.0,4.5,18355
853,2020-07-03,2330,55656987,18280314743,327.0,330.5,326.5,329.5,7.5,30235
854,2020-07-06,2330,57256220,19200718243,332.5,338.0,332.0,338.0,8.5,31866
855,2020-07-07,2330,59046323,20143258406,343.5,346.0,338.0,338.5,0.5,32076
856,2020-07-08,2330,33813218,11522915649,337.5,342.5,337.5,341.0,2.5,16673
857,2020-07-09,2330,37410376,12912747970,346.0,347.0,343.0,345.0,4.0,20205
858,2020-07-10,2330,60902108,21298923681,352.5,353.0,345.5,348.5,3.5,32227
859,2020-07-13,2330,49459523,17425372488,351.0,354.5,350.5,354.5,6.0,23217
860,2020-07-14,2330,63030150,22602878292,355.0,364.0,354.5,363.5,9.0,30996
861,2020-07-15,2330,75105362,27486789803,366.0,370.0,361.0,363.0,-0.5,37607
862,2020-07-16,2330,68582512,24506038172,359.0,361.0,353.5,357.5,-5.5,35598
863,2020-07-17,2330,66403485,24244495853,361.0,369.0,360.0,367.0,9.5,36729
864,2020-07-20,2330,44940238,16487970674,370.0,370.0,362.5,366.0,-1.0,23335
865,2020-07-21,2330,64440128,24491627162,372.5,387.0,371.5,383.0,17.0,40266
866,2020-07-22,2330,43959670,16844625030,381.0,386.0,379.0,384.0,1.0,25530
867,2020-07-23,2330,45397282,17302637512,382.0,383.0,379.0,381.5,-2.5,22916
868,2020-07-24,2330,90988734,35368857726,390.0,395.0,382.0,386.0,4.5,45099
869,2020-07-27,2330,103315640,43637877952,420.5,424.5,416.5,424.5,38.5,49294
870,2020-07-28,2330,172157746,77804668620,464.0,466.5,428.5,435.0,10.5,92239
871,2020-07-29,2330,88641166,37649278004,428.0,431.5,419.5,422.0,-13.0,53111
872,2020-07-30,2330,69936949,30329225735,436.5,441.0,428.5,434.0,12.0,36627
873,2020-07-31,2330,50484674,21567922126,426.0,432.0,425.5,425.5,-8.5,27653
874,2020-08-03,2330,77288571,32339719000,420.5,424.0,415.0,416.0,-9.5,43360
875,2020-08-04,2330,41697445,17600499460,421.5,425.5,418.5,425.5,9.5,22250
876,2020-08-05,2330,47460834,20356413204,430.5,433.5,426.0,429.0,3.5,24715
877,2020-08-06,2330,43443627,18877761758,437.5,438.0,431.0,435.0,6.0,22414
878,2020-08-07,2330,37611388,16218241255,433.5,434.0,428.0,433.0,-2.0,19739
879,2020-08-10,2330,36067500,15674843876,427.5,437.5,427.5,435.5,2.5,21342
880,2020-08-11,2330,34545313,14918017903,432.0,435.0,429.0,429.0,-6.5,20297
881,2020-08-12,2330,53980474,22721731886,422.0,423.5,419.0,419.0,-10.0,32761
882,2020-08-13,2330,45669335,19514322038,428.0,429.0,424.5,429.0,10.0,21499
883,2020-08-14,2330,24259947,10332447763,424.0,428.0,423.0,427.0,-2.0,12642
884,2020-08-17,2330,34607731,14930831216,427.0,435.0,425.5,435.0,8.0,20823
885,2020-08-18,2330,45504160,19824413320,440.0,440.5,432.0,433.0,-2.0,21119
886,2020-08-19,2330,31486800,13574970200,436.0,436.5,427.5,427.5,-5.5,18279
887,2020-08-20,2330,75155235,31353886930,427.0,427.5,401.0,415.0,-12.5,45670
888,2020-08-21,2330,41956467,17770610338,421.5,427.0,420.0,424.5,9.5,23059
889,2020-08-24,2330,49199406,21139093710,427.5,434.5,425.0,428.0,3.5,24672
890,2020-08-25,2330,37024899,16076146369,433.5,436.0,430.5,434.5,6.5,22035
891,2020-08-26,2330,41406340,18169230108,435.5,442.0,435.0,442.0,7.5,25305
892,2020-08-27,2330,57206712,25658355402,448.0,453.5,444.0,444.0,2.0,31575
893,2020-08-28,2330,57039210,24868453700,440.0,440.5,431.0,435.0,-9.0,35253
894,2020-08-31,2330,88569538,38106113563,437.0,439.5,426.5,426.5,-8.5,28294
895,2020-09-01,2330,50129577,21681382412,430.0,435.0,428.0,435.0,8.5,17137
896,2020-09-02,2330,42013407,18268716092,441.0,441.0,430.5,433.0,-2.0,20242
897,2020-09-03,2330,40683617,17768951582,439.5,439.5,433.5,436.0,3.0,17810
898,2020-09-04,2330,51349911,22051596821,427.0,432.5,427.0,429.0,-7.0,27893
899,2020-09-07,2330,39854584,17060627028,428.0,432.5,425.0,426.0,-3.0,20003
900,2020-09-08,2330,23714670,10208232440,428.0,433.0,427.5,431.0,5.0,12440
901,2020-09-09,2330,40727362,17312991408,425.0,428.0,423.0,427.0,-4.0,21740
902,2020-09-10,2330,35281921,15275112115,432.5,435.0,430.5,435.0,8.0,18244
903,2020-09-11,2330,34893469,15171902036,435.5,436.5,432.5,436.5,1.5,14647
904,2020-09-14,2330,39325833,17282659859,436.0,442.0,435.5,441.0,4.5,19854
905,2020-09-15,2330,39661449,17608049536,440.5,447.0,439.5,445.0,4.0,21845
906,2020-09-16,2330,70608238,32379722344,460.0,462.0,455.5,458.0,13.0,38172
907,2020-09-17,2330,44420506,20006793320,453.0,455.0,446.5,448.5,0.0,26718
908,2020-09-18,2330,52999922,23598268654,447.0,449.5,443.0,444.0,-4.5,20849
909,2020-09-21,2330,40193920,17842486882,443.5,450.0,440.0,440.0,-4.0,25834
910,2020-09-22,2330,36842639,16140184501,440.0,441.0,436.0,437.0,-3.0,22692
911,2020-09-23,2330,47426963,20592831368,436.0,438.5,432.0,433.5,-3.5,27828
912,2020-09-24,2330,82510381,35076048246,425.5,429.0,423.0,423.0,-10.5,54922
913,2020-09-25,2330,41263269,17522224043,427.0,428.0,421.0,424.0,1.0,23290
914,2020-09-28,2330,34427479,14758341446,427.0,431.5,424.5,431.5,7.5,19286
915,2020-09-29,2330,42730502,18419905574,432.5,435.0,428.0,431.0,-0.5,18647
916,2020-09-30,2330,28859204,12496613056,430.5,435.0,430.5,433.0,2.0,14203
917,2020-10-05,2330,33238832,14450407588,438.0,438.0,431.5,432.5,-0.5,18148
918,2020-10-06,2330,36276395,15935558262,441.5,442.0,437.5,439.5,7.0,20189
919,2020-10-07,2330,44691239,19693987093,435.0,445.0,435.0,443.0,3.5,24438
920,2020-10-08,2330,60853811,27461867933,450.0,454.0,448.5,453.0,10.0,37378
921,2020-10-12,2330,67645223,31061721030,458.0,462.0,457.5,460.0,7.0,36118
922,2020-10-13,2330,46303738,21346346714,465.0,465.0,456.5,462.0,2.0,25938
923,2020-10-14,2330,52677241,24157138176,460.5,461.0,457.0,459.0,-3.0,22599
924,2020-10-15,2330,49987278,22668836399,456.0,456.5,450.0,453.0,-6.0,23794
925,2020-10-16,2330,48274801,21775749575,451.0,456.0,448.5,449.0,-4.0,26602
926,2020-10-19,2330,34846906,15854021670,453.0,457.5,451.0,457.5,8.5,17112
927,2020-10-20,2330,26567638,12065806730,455.5,457.0,451.0,451.0,-6.5,12725
928,2020-10-21,2330,29906921,13561798906,453.5,456.0,451.0,453.0,2.0,15490
929,2020-10-22,2330,25285547,11435937453,450.0,455.0,449.5,455.0,2.0,10354
930,2020-10-23,2330,18777385,8516604326,458.0,458.0,451.5,452.0,-3.0,9909
931,2020-10-26,2330,15800622,7136001014,455.0,455.0,450.0,450.0,-2.0,17664
932,2020-10-27,2330,31795010,14213282507,447.5,448.5,445.5,447.0,-3.0,30644
933,2020-10-28,2330,26221663,11660544725,445.0,447.0,443.0,444.0,-3.0,35598
934,2020-10-29,2330,43075387,18832675652,436.5,439.5,435.5,437.0,-7.0,55027
935,2020-10-30,2330,49770771,21614729093,437.0,437.0,432.0,432.0,-5.0,46871
936,2020-11-02,2330,34539576,14901775161,433.0,435.5,428.0,435.5,3.5,35704
937,2020-11-03,2330,31461727,13852498196,439.5,443.0,438.0,441.0,5.5,21031
938,2020-11-04,2330,37929652,16969841989,444.5,451.5,443.0,450.0,9.0,30087
939,2020-11-05,2330,36539446,16404944484,451.5,451.5,445.5,451.0,1.0,24764
940,2020-11-06,2330,32644190,14788989058,455.0,455.5,450.0,452.5,1.5,20999
941,2020-11-09,2330,43415670,19865414906,458.0,460.0,454.0,458.5,6.0,27868
942,2020-11-10,2330,36786882,16610287996,452.0,454.5,448.5,451.0,-7.5,31009
943,2020-11-11,2330,40355804,18326545251,448.5,457.0,448.5,457.0,6.0,23150
944,2020-11-12,2330,57993774,26690353577,463.0,463.5,457.5,458.0,1.0,28011
945,2020-11-13,2330,31483881,14478873331,459.0,462.0,456.5,462.0,4.0,21663
946,2020-11-16,2330,83380911,39658459663,470.0,484.5,469.0,484.0,22.0,67363
947,2020-11-17,2330,75763870,37446278783,502.0,506.0,485.5,485.5,1.5,68560
948,2020-11-18,2330,56607501,27883387314,490.0,497.0,486.5,497.0,11.5,38186
949,2020-11-19,2330,47345316,23320435165,499.0,499.0,490.0,490.0,-7.0,40198
950,2020-11-20,2330,35242579,17191897556,486.0,490.0,486.0,488.0,-2.0,30557
951,2020-11-23,2330,43708352,21661263304,494.5,498.5,492.0,496.5,8.5,26794
952,2020-11-24,2330,38630079,19113408398,499.5,500.0,491.5,492.0,-4.5,34407
953,2020-11-25,2330,47179640,23142083458,495.0,495.5,487.0,487.0,-5.0,40066
954,2020-11-26,2330,31844322,15606951086,489.0,493.5,488.0,489.0,2.0,19587
955,2020-11-27,2330,35196829,17205872680,487.5,492.0,486.5,489.0,0.0,21314
956,2020-11-30,2330,149311778,72095050187,493.0,493.5,480.5,480.5,-8.5,49362
957,2020-12-01,2330,38341265,18719729411,489.5,490.0,483.5,490.0,9.5,24827
958,2020-12-02,2330,60208035,29970556095,499.5,500.0,493.5,499.0,9.0,35624
959,2020-12-03,2330,36919644,18369786608,499.5,499.5,495.0,497.0,-2.0,25651
960,2020-12-04,2330,54471042,27307472890,498.5,505.0,497.5,503.0,6.0,35708
961,2020-12-07,2330,45493551,23243392840,512.0,515.0,506.0,514.0,11.0,34767
962,2020-12-08,2330,41830257,21673267551,514.0,525.0,509.0,524.0,10.0,35895
963,2020-12-09,2330,46831705,24416275048,521.0,524.0,520.0,520.0,-4.0,31749
964,2020-12-10,2330,43991133,22516917355,511.0,515.0,510.0,512.0,-8.0,49079
965,2020-12-11,2330,51296611,26259941709,517.0,517.0,505.0,516.0,4.0,50929
966,2020-12-14,2330,30809747,15703026732,512.0,513.0,508.0,508.0,-8.0,33415
967,2020-12-15,2330,43059899,21780400998,507.0,510.0,504.0,504.0,-4.0,43967
968,2020-12-16,2330,53661282,27504184031,509.0,515.0,507.0,512.0,8.0,30574
969,2020-12-17,2330,39285785,20052530030,515.0,515.0,508.0,508.0,0.0,34785
970,2020-12-18,2330,40625502,20690792789,508.0,512.0,507.0,510.0,2.0,20638
971,2020-12-21,2330,35153138,18033402498,512.0,517.0,508.0,516.0,6.0,21765
972,2020-12-22,2330,25632245,13125205685,512.0,516.0,509.0,509.0,-7.0,25973
973,2020-12-23,2330,18320849,9321219765,508.0,511.0,506.0,509.0,0.0,16428
974,2020-12-24,2330,15218008,7759366699,511.0,512.0,508.0,510.0,1.0,12743
975,2020-12-25,2330,12581145,6449612552,514.0,515.0,510.0,511.0,1.0,14988
976,2020-12-28,2330,19520886,10023145125,512.0,515.0,509.0,515.0,4.0,16675
977,2020-12-29,2330,20226736,10409159045,515.0,517.0,513.0,515.0,0.0,17187
978,2020-12-30,2330,46705107,24306881615,516.0,525.0,514.0,525.0,10.0,33173
979,2020-12-31,2330,31173332,16437646054,526.0,530.0,524.0,530.0,5.0,25138
980,2021-01-04,2330,39489959,21127581248,530.0,540.0,528.0,536.0,6.0,33316
981,2021-01-05,2330,34839391,18761831567,536.0,542.0,535.0,542.0,6.0,28512
982,2021-01-06,2330,55614434,30572783229,555.0,555.0,541.0,549.0,7.0,55462
983,2021-01-07,2330,53392763,30018630685,554.0,570.0,553.0,565.0,16.0,47905
984,2021-01-08,2330,62957148,36339702855,580.0,580.0,571.0,580.0,15.0,56426
985,2021-01-11,2330,52771778,30535694908,577.0,584.0,574.0,584.0,4.0,49539
986,2021-01-12,2330,52605212,30958142918,583.0,597.0,582.0,591.0,7.0,59595
987,2021-01-13,2330,75707681,45419255149,595.0,605.0,593.0,605.0,14.0,59966
988,2021-01-14,2330,90309708,53477747672,587.0,597.0,587.0,592.0,-13.0,111849
989,2021-01-15,2330,100998199,61876473170,621.0,625.0,601.0,601.0,9.0,105961
990,2021-01-18,2330,50388664,30406611574,608.0,608.0,594.0,607.0,6.0,49008
991,2021-01-19,2330,52947466,32934404720,618.0,632.0,613.0,627.0,20.0,55490
992,2021-01-20,2330,95484470,61279319857,633.0,650.0,631.0,647.0,20.0,95577
993,2021-01-21,2330,97590371,64624578866,640.0,679.0,640.0,673.0,26.0,115004
994,2021-01-22,2330,134238314,88023707664,649.0,665.0,649.0,649.0,-24.0,235186
995,2021-01-25,2330,98608285,62583576696,642.0,646.0,626.0,633.0,-16.0,154134
996,2021-01-26,2330,114797609,71638808826,632.0,640.0,610.0,617.0,-16.0,177764
997,2021-01-27,2330,72823691,44931754892,618.0,625.0,611.0,615.0,-2.0,77274
998,2021-01-28,2330,104181514,62647021616,600.0,608.0,598.0,601.0,-14.0,157835
999,2021-01-29,2330,96875889,58399782288,619.0,619.0,591.0,591.0,-10.0,129394
1000,2021-02-01,2330,70161939,42004241697,595.0,612.0,587.0,611.0,20.0,81346
1001,2021-02-02,2330,80724207,50938461582,629.0,638.0,622.0,632.0,21.0,82687
1002,2021-02-03,2330,59763227,37926170035,638.0,642.0,630.0,630.0,-2.0,56515
1003,2021-02-04,2330,47547873,29765963971,626.0,632.0,620.0,627.0,-3.0,44668
1004,2021-02-05,2330,57350831,36435290641,638.0,641.0,631.0,632.0,5.0,51140
1005,2021-02-17,2330,115578402,76728732025,663.0,668.0,660.0,663.0,31.0,91925
1006,2021-02-18,2330,54520341,36024245089,664.0,665.0,656.0,660.0,-3.0,49914
1007,2021-02-19,2330,51651844,33676514428,656.0,657.0,647.0,652.0,-8.0,63171
1008,2021-02-22,2330,39512078,25885948680,660.0,662.0,650.0,650.0,-2.0,47116
1009,2021-02-23,2330,52868029,33779796222,641.0,643.0,633.0,641.0,-9.0,73349
1010,2021-02-24,2330,80010637,50333904697,627.0,636.0,625.0,625.0,-16.0,138264
1011,2021-02-25,2330,45279276,28634410089,636.0,636.0,628.0,635.0,10.0,46506
1012,2021-02-26,2330,137933162,84194194399,611.0,618.0,606.0,606.0,-29.0,212428
1013,2021-03-02,2330,57792973,35565213485,621.0,622.0,609.0,609.0,3.0,71325
1014,2021-03-03,2330,61171387,37550028241,609.0,622.0,601.0,622.0,13.0,57677
1015,2021-03-04,2330,75508388,45662897489,609.0,611.0,601.0,601.0,-21.0,143916
1016,2021-03-05,2330,85579527,50968119396,588.0,605.0,584.0,601.0,0.0,127693
1017,2021-03-08,2330,47676630,28737004484,608.0,610.0,598.0,598.0,-3.0,84570
1018,2021-03-09,2330,74471341,43957092621,585.0,595.0,585.0,595.0,-3.0,119867
1019,2021-03-10,2330,41735443,24904320192,601.0,601.0,593.0,597.0,2.0,54196
1020,2021-03-11,2330,55462783,33584884382,596.0,612.0,595.0,609.0,12.0,47948
1021,2021-03-12,2330,33876990,20780886905,615.0,618.0,609.0,614.0,5.0,36145
1022,2021-03-15,2330,29767904,18194081208,614.0,614.0,609.0,611.0,-3.0,26753
1023,2021-03-16,2330,37780820,23074187740,610.0,613.0,607.0,613.0,2.0,37573
1024,2021-03-17,2330,43942131,26638906800,612.0,612.0,602.0,604.0,0.0,68585
1025,2021-03-18,2330,30223846,18286667342,606.0,609.0,602.0,602.0,-2.0,31677
1026,2021-03-19,2330,74960854,44407634402,594.0,598.0,591.0,591.0,-11.0,106938
1027,2021-03-22,2330,35931375,21250445678,588.0,598.0,586.0,593.0,2.0,55005
1028,2021-03-23,2330,31933358,19057386513,597.0,603.0,593.0,594.0,1.0,36423
1029,2021-03-24,2330,115318351,66559451738,571.0,582.0,571.0,576.0,-18.0,242138
1030,2021-03-25,2330,74225812,42594849855,572.0,581.0,570.0,575.0,-1.0,115951
1031,2021-03-26,2330,37937242,22271364837,582.0,592.0,580.0,590.0,15.0,49718
1032,2021-03-29,2330,40573913,24302039570,599.0,602.0,596.0,599.0,9.0,44500
1033,2021-03-30,2330,34686346,20661203325,600.0,600.0,592.0,597.0,-2.0,46755
1034,2021-03-31,2330,44454672,26217366895,596.0,597.0,587.0,587.0,-10.0,70527
1035,2021-04-01,2330,45972766,27520742963,598.0,602.0,594.0,602.0,15.0,48170
1036,2021-04-06,2330,37664216,23045132094,615.0,616.0,608.0,610.0,8.0,42422
1037,2021-04-07,2330,28140964,17175949080,614.0,614.0,608.0,610.0,0.0,28395
1038,2021-04-08,2330,26658283,16217570357,606.0,613.0,603.0,613.0,3.0,32098
1039,2021-04-09,2330,31601619,19344167081,618.0,618.0,609.0,610.0,-3.0,28920
1040,2021-04-12,2330,23319822,14155495430,612.0,613.0,603.0,605.0,-5.0,33422
1041,2021-04-13,2330,27386926,16638680378,604.0,613.0,604.0,605.0,0.0,30438
1042,2021-04-14,2330,31144922,18868308243,608.0,612.0,600.0,612.0,7.0,41234
1043,2021-04-15,2330,36394255,22332532476,612.0,619.0,607.0,619.0,7.0,40541
1044,2021-04-16,2330,49952191,30335377876,610.0,611.0,603.0,610.0,-9.0,67601
1045,2021-04-19,2330,25234976,15224292755,605.0,607.0,601.0,603.0,-7.0,43094
1046,2021-04-20,2330,36655069,21969721089,598.0,602.0,595.0,602.0,-1.0,54247
1047,2021-04-21,2330,41893725,24933016553,599.0,599.0,592.0,592.0,-10.0,92840
1048,2021-04-22,2330,38094824,22626436436,596.0,598.0,591.0,591.0,-1.0,64897
1049,2021-04-23,2330,29004756,17336162729,592.0,602.0,590.0,602.0,11.0,29147
1050,2021-04-26,2330,32426908,19673836650,605.0,610.0,603.0,610.0,8.0,35286
1051,2021-04-27,2330,26761401,16274064043,608.0,611.0,605.0,610.0,0.0,25203
1052,2021-04-28,2330,24601487,14833592900,606.0,608.0,601.0,602.0,-8.0,32198
1053,2021-04-29,2330,35756460,21579514979,609.0,609.0,600.0,600.0,-2.0,30756
1054,2021-05-03,2330,46801189,27676378065,595.0,597.0,588.0,588.0,-12.0,104468
1055,2021-05-04,2330,45507479,26756714081,588.0,594.0,582.0,591.0,3.0,69833
1056,2021-05-05,2330,31786592,18603594408,594.0,594.0,585.0,585.0,-6.0,52496
1057,2021-05-06,2330,33165446,19405281385,590.0,590.0,580.0,587.0,2.0,69578
1058,2021-05-07,2330,28719597,17131817777,594.0,600.0,589.0,599.0,12.0,30063
1059,2021-05-10,2330,21365583,12626811276,596.0,597.0,588.0,589.0,-10.0,43154
1060,2021-05-11,2330,66035839,37939364597,579.0,580.0,570.0,571.0,-18.0,184838
1061,2021-05-12,2330,138328672,76325765887,567.0,571.0,518.0,560.0,-11.0,223058
1062,2021-05-13,2330,71519430,39495488180,547.0,563.0,541.0,547.0,-13.0,105026
1063,2021-05-14,2330,38625148,21474513930,556.0,562.0,552.0,557.0,10.0,52919
1064,2021-05-17,2330,58446847,32066868553,544.0,558.0,541.0,549.0,-8.0,76808
1065,2021-05-18,2330,44584258,25226153189,563.0,573.0,555.0,572.0,23.0,52152
1066,2021-05-19,2330,29610174,16832735286,571.0,572.0,565.0,567.0,-5.0,34443
1067,2021-05-20,2330,36605692,20670883290,567.0,571.0,560.0,567.0,0.0,32301
1068,2021-05-21,2330,28009899,16016851343,572.0,577.0,568.0,573.0,6.0,27050
1069,2021-05-24,2330,15981036,9090836697,570.0,572.0,566.0,568.0,-5.0,20189
1070,2021-05-25,2330,35445350,20525932956,576.0,584.0,573.0,583.0,15.0,39032
1071,2021-05-26,2330,19555305,11433686898,587.0,588.0,581.0,585.0,2.0,21034
1072,2021-05-27,2330,70061002,40643804852,580.0,582.0,573.0,582.0,-3.0,37545
1073,2021-05-28,2330,30720737,18082265480,587.0,592.0,582.0,590.0,8.0,31581
1074,2021-05-31,2330,31557426,18751716595,595.0,597.0,590.0,597.0,7.0,29798
1075,2021-06-01,2330,18405285,10985893229,598.0,599.0,595.0,598.0,1.0,20318
1076,2021-06-02,2330,22416789,13362065937,600.0,600.0,593.0,595.0,-3.0,25170
1077,2021-06-03,2330,31703679,18939839664,600.0,600.0,596.0,596.0,1.0,20749
1078,2021-06-04,2330,16072580,9521252157,591.0,595.0,590.0,595.0,-1.0,19112
1079,2021-06-07,2330,17729179,10471176330,594.0,595.0,583.0,592.0,-3.0,25364
1080,2021-06-08,2330,14083552,8312653665,590.0,595.0,588.0,589.0,-3.0,14051
1081,2021-06-09,2330,21575159,12618113390,586.0,588.0,583.0,586.0,-3.0,36405
1082,2021-06-10,2330,29741770,17696413894,591.0,599.0,587.0,599.0,13.0,30487
1083,2021-06-11,2330,24940705,15011140567,602.0,603.0,600.0,602.0,3.0,25271
1084,2021-06-15,2330,30245897,18415370774,607.0,609.0,606.0,609.0,7.0,33515
1085,2021-06-16,2330,28624508,17401326587,608.0,608.0,605.0,605.0,-4.0,25816
1086,2021-06-17,2330,26477032,15924656516,601.0,606.0,598.0,606.0,0.0,21061
1087,2021-06-18,2330,42036170,25373026235,608.0,608.0,601.0,603.0,-3.0,16899
1088,2021-06-21,2330,47339695,27749202661,590.0,594.0,583.0,583.0,-20.0,109204
1089,2021-06-22,2330,30578091,17786329582,585.0,588.0,578.0,578.0,-5.0,56057
1090,2021-06-23,2330,36386023,21500052844,583.0,598.0,581.0,595.0,17.0,34454
1091,2021-06-24,2330,19322765,11435647488,598.0,598.0,588.0,590.0,-5.0,18494
1092,2021-06-25,2330,19140086,11355715486,598.0,598.0,589.0,591.0,1.0,16850
1093,2021-06-28,2330,15401977,9056869217,590.0,590.0,586.0,590.0,-1.0,20825
1094,2021-06-29,2330,30837548,18350027611,598.0,598.0,591.0,595.0,5.0,24078
1095,2021-06-30,2330,34021380,20301841661,599.0,599.0,595.0,595.0,0.0,20097
1096,2021-07-01,2330,18719706,11116195742,596.0,597.0,591.0,593.0,-2.0,20565
1097,2021-07-02,2330,19633718,11562140245,590.0,593.0,587.0,588.0,-5.0,24056
1098,2021-07-05,2330,30274105,17957255325,588.0,597.0,588.0,591.0,3.0,21836
1099,2021-07-06,2330,13830591,8185167307,595.0,596.0,589.0,592.0,1.0,15751
1100,2021-07-07,2330,17329148,10250342169,590.0,594.0,588.0,594.0,2.0,18023
1101,2021-07-08,2330,21596183,12733045117,595.0,595.0,588.0,588.0,-6.0,23352
1102,2021-07-09,2330,30602492,17821338170,582.0,585.0,580.0,584.0,-4.0,51232
1103,2021-07-12,2330,33011596,19612592644,595.0,597.0,590.0,593.0,9.0,28636
1104,2021-07-13,2330,54894335,33158730436,600.0,608.0,599.0,607.0,14.0,60121
1105,2021-07-14,2330,39670241,24276719505,613.0,615.0,608.0,613.0,6.0,43173
1106,2021-07-15,2330,23057868,14117908308,613.0,614.0,608.0,614.0,1.0,29913
1107,2021-07-16,2330,61882128,36562482701,591.0,595.0,588.0,589.0,-25.0,86192
1108,2021-07-19,2330,43248966,25135531384,583.0,584.0,578.0,582.0,-7.0,86753
1109,2021-07-20,2330,16352855,9502338666,579.0,584.0,579.0,581.0,-1.0,27956
1110,2021-07-21,2330,26476215,15440430690,586.0,586.0,580.0,585.0,4.0,32757
1111,2021-07-22,2330,27075950,16014166571,589.0,594.0,587.0,591.0,6.0,23365
1112,2021-07-23,2330,15705191,9206201715,592.0,592.0,583.0,585.0,-6.0,23635
1113,2021-07-26,2330,22442745,13089591086,591.0,591.0,580.0,580.0,-5.0,37826
1114,2021-07-27,2330,18925325,10997959654,581.0,584.0,580.0,580.0,0.0,20197
1115,2021-07-28,2330,39744486,22884618824,576.0,579.0,573.0,579.0,-1.0,75078
1116,2021-07-29,2330,25014772,14525643464,585.0,585.0,577.0,583.0,4.0,26868
1117,2021-07-30,2330,26141286,15170421873,581.0,582.0,578.0,580.0,-3.0,16353
1118,2021-08-02,2330,24948096,14593329483,583.0,590.0,580.0,590.0,10.0,19791
1119,2021-08-03,2330,28104984,16655446605,594.0,594.0,590.0,594.0,4.0,20221
1120,2021-08-04,2330,23714971,14132827829,598.0,598.0,594.0,596.0,2.0,18228
1121,2021-08-05,2330,15673765,9343887536,598.0,598.0,593.0,596.0,0.0,15495
1122,2021-08-06,2330,13994018,8275142201,596.0,596.0,588.0,591.0,-5.0,13742
1123,2021-08-09,2330,17611955,10366798182,590.0,595.0,583.0,595.0,4.0,15068
1124,2021-08-10,2330,17620825,10435618093,596.0,596.0,589.0,591.0,-4.0,13983
1125,2021-08-11,2330,20311399,11943131619,590.0,590.0,585.0,590.0,-1.0,18548
1126,2021-08-12,2330,16031265,9383967628,586.0,588.0,584.0,586.0,-4.0,15202
1127,2021-08-13,2330,25440973,14769155709,585.0,585.0,579.0,581.0,-5.0,36198
1128,2021-08-16,2330,19949389,11612486234,582.0,586.0,578.0,584.0,3.0,17055
1129,2021-08-17,2330,31845499,18475506150,580.0,582.0,578.0,580.0,-4.0,19184
1130,2021-08-18,2330,47063629,26855353529,568.0,575.0,566.0,574.0,-6.0,86118
1131,2021-08-19,2330,42133375,23766228074,573.0,573.0,559.0,559.0,-15.0,119048
1132,2021-08-20,2330,47741449,26565551162,560.0,563.0,551.0,552.0,-7.0,72684
1133,2021-08-23,2330,34775337,19688362857,560.0,572.0,559.0,566.0,14.0,30421
1134,2021-08-24,2330,27397309,15697269609,574.0,575.0,571.0,572.0,6.0,21032
1135,2021-08-25,2330,28867651,16769849402,579.0,585.0,574.0,585.0,13.0,29096
1136,2021-08-26,2330,45027320,26834160811,601.0,603.0,591.0,594.0,9.0,42735
1137,2021-08-27,2330,29459532,17596859741,596.0,600.0,593.0,599.0,5.0,31217
1138,2021-08-30,2330,40606821,24425472555,602.0,605.0,599.0,605.0,6.0,43096
1139,2021-08-31,2330,58916407,35867753009,604.0,614.0,598.0,614.0,9.0,46791
1140,2021-09-01,2330,31242788,19126702297,614.0,614.0,608.0,613.0,-1.0,30125
1141,2021-09-02,2330,26715492,16341803689,613.0,615.0,607.0,607.0,-6.0,26153
1142,2021-09-03,2330,53915006,33278648609,610.0,620.0,610.0,620.0,13.0,62288
1143,2021-09-06,2330,59223061,37250623087,623.0,638.0,621.0,631.0,11.0,77024
1144,2021-09-07,2330,27422775,17191259166,634.0,634.0,623.0,623.0,-8.0,29823
1145,2021-09-08,2330,38713621,23960375113,622.0,627.0,612.0,619.0,-4.0,38267
1146,2021-09-09,2330,19309522,11886107760,612.0,620.0,610.0,619.0,0.0,19569
1147,2021-09-10,2330,16740439,10365721937,615.0,623.0,614.0,622.0,3.0,17067
1148,2021-09-13,2330,15809768,9734528161,619.0,620.0,613.0,615.0,-7.0,21779
1149,2021-09-14,2330,16024935,9849961184,618.0,618.0,612.0,613.0,-2.0,13569
1150,2021-09-15,2330,26041452,15872971715,610.0,613.0,607.0,607.0,-6.0,24839
1151,2021-09-16,2330,23315040,14030697248,603.0,607.0,599.0,600.0,0.0,31437
1152,2021-09-17,2330,42383815,25510152115,600.0,610.0,599.0,600.0,0.0,18681
1153,2021-09-22,2330,42732169,25056693727,586.0,589.0,583.0,586.0,-14.0,70389
1154,2021-09-23,2330,22736266,13406035166,588.0,593.0,588.0,588.0,2.0,22991
1155,2021-09-24,2330,17302848,10289114839,591.0,598.0,590.0,598.0,10.0,15796
1156,2021-09-27,2330,20034221,11993300562,600.0,602.0,593.0,602.0,4.0,16349
1157,2021-09-28,2330,17325896,10291543822,595.0,596.0,592.0,594.0,-8.0,16496
1158,2021-09-29,2330,51834124,30040354500,580.0,583.0,577.0,580.0,-14.0,95024
1159,2021-09-30,2330,36318623,21054651328,580.0,585.0,575.0,580.0,0.0,32973
1160,2021-10-01,2330,39006124,22368447571,579.0,579.0,571.0,574.0,-6.0,78088
1161,2021-10-04,2330,22288138,12741914919,574.0,575.0,569.0,572.0,-2.0,42147
1162,2021-10-05,2330,36063650,20406526124,562.0,572.0,560.0,572.0,0.0,56678
1163,2021-10-06,2330,33989379,19345468774,573.0,574.0,565.0,571.0,-1.0,53606
1164,2021-10-07,2330,28480400,16458019782,575.0,582.0,572.0,580.0,9.0,23304
1165,2021-10-08,2330,22601904,13051944932,582.0,583.0,573.0,575.0,-5.0,24157
1166,2021-10-12,2330,27126088,15455194493,570.0,575.0,564.0,575.0,0.0,32210
1167,2021-10-13,2330,19267437,11006807040,572.0,575.0,570.0,571.0,-4.0,18050
1168,2021-10-14,2330,14270641,8213170376,579.0,579.0,573.0,573.0,2.0,14814
1169,2021-10-15,2330,55305252,32878638999,592.0,600.0,586.0,600.0,27.0,61088
1170,2021-10-18,2330,19753943,11802365489,604.0,604.0,590.0,590.0,-10.0,21353
1171,2021-10-19,2330,18709936,11196540994,598.0,600.0,593.0,600.0,10.0,20482
1172,2021-10-20,2330,17537878,10527701553,603.0,604.0,597.0,598.0,-2.0,16410
1173,2021-10-21,2330,16882324,10116911921,602.0,603.0,595.0,596.0,-2.0,17599
1174,2021-10-22,2330,14236279,8520299817,600.0,602.0,594.0,600.0,4.0,12812
1175,2021-10-25,2330,17724968,10518554968,597.0,597.0,590.0,593.0,-7.0,16139
1176,2021-10-26,2330,27047187,16169131795,595.0,600.0,593.0,599.0,6.0,13081
1177,2021-10-27,2330,16260278,9708715733,598.0,599.0,594.0,599.0,0.0,12042
1178,2021-10-28,2330,16927154,10066068774,598.0,598.0,591.0,595.0,-4.0,15065
1179,2021-10-29,2330,27684673,16352758906,595.0,596.0,589.0,590.0,-5.0,19937
1180,2021-11-01,2330,17110357,10107402871,591.0,593.0,590.0,590.0,0.0,13798
1181,2021-11-02,2330,16544999,9808608554,594.0,597.0,590.0,592.0,2.0,11662
1182,2021-11-03,2330,11404984,6773439607,597.0,597.0,592.0,592.0,0.0,8934
1183,2021-11-04,2330,18888245,11112246412,592.0,594.0,585.0,587.0,-5.0,22171
1184,2021-11-05,2330,35086799,20974569571,598.0,600.0,595.0,600.0,13.0,31929
1185,2021-11-08,2330,20886897,12544595323,600.0,602.0,598.0,602.0,2.0,17964
1186,2021-11-09,2330,42340785,25935652781,611.0,617.0,610.0,611.0,9.0,42855
1187,2021-11-10,2330,18518512,11303615778,611.0,612.0,608.0,612.0,1.0,19147
1188,2021-11-11,2330,20257792,12225622771,600.0,606.0,600.0,606.0,-6.0,16140
1189,2021-11-12,2330,21373014,12801799429,610.0,611.0,602.0,604.0,-2.0,13869
1190,2021-11-15,2330,17140935,10434209332,609.0,611.0,607.0,608.0,4.0,13140
1191,2021-11-16,2330,21776308,13285168416,612.0,612.0,608.0,610.0,2.0,14487
1192,2021-11-17,2330,21829653,13330782804,615.0,615.0,608.0,610.0,0.0,14807
1193,2021-11-18,2330,22933191,14019057524,613.0,614.0,607.0,613.0,3.0,15913
1194,2021-11-19,2330,38847820,24047156185,622.0,623.0,617.0,618.0,5.0,32179
1195,2021-11-22,2330,23296854,14354639781,618.0,618.0,615.0,615.0,-3.0,14108
1196,2021-11-23,2330,20022520,12266300247,615.0,615.0,611.0,612.0,-3.0,15011
1197,2021-11-24,2330,22978524,13904268592,612.0,612.0,602.0,603.0,-9.0,23584
1198,2021-11-25,2330,14171433,8551663451,605.0,607.0,601.0,603.0,0.0,14137
1199,2021-11-26,2330,27882175,16609442268,598.0,601.0,592.0,596.0,-7.0,47638
1200,2021-11-29,2330,24160615,14360266132,594.0,598.0,591.0,593.0,-3.0,23653
1201,2021-11-30,2330,69160408,41208103150,597.0,600.0,591.0,596.0,3.0,24427
1202,2021-12-01,2330,30119408,18021861252,596.0,603.0,594.0,600.0,4.0,15695
1203,2021-12-02,2330,48720976,29780012954,605.0,615.0,602.0,615.0,15.0,40629
1204,2021-12-03,2330,27571974,16798271782,614.0,614.0,606.0,608.0,-7.0,16197
1205,2021-12-06,2330,24474913,14740969839,603.0,609.0,600.0,600.0,-8.0,19139
1206,2021-12-07,2330,21105883,12704452330,602.0,607.0,597.0,607.0,7.0,22160
1207,2021-12-08,2330,22194708,13490034097,614.0,614.0,602.0,602.0,-5.0,15634
1208,2021-12-09,2330,12467833,7554386680,606.0,608.0,602.0,608.0,6.0,9231
1209,2021-12-10,2330,11371659,6874539365,605.0,608.0,602.0,605.0,-3.0,9215
1210,2021-12-13,2330,17994933,10887156003,609.0,610.0,601.0,601.0,-4.0,12503
1211,2021-12-14,2330,22997961,13757424386,598.0,600.0,597.0,599.0,-2.0,21324
1212,2021-12-15,2330,22419040,13420958112,597.0,601.0,596.0,600.0,1.0,19195
1213,2021-12-16,2330,22151282,13370280179,605.0,605.0,601.0,605.0,0.0,15515
1214,2021-12-17,2330,30319495,18339763894,601.0,607.0,599.0,607.0,2.0,11667
1215,2021-12-20,2330,22381761,13446342438,607.0,607.0,598.0,598.0,-9.0,18943
1216,2021-12-21,2330,17669559,10560361874,597.0,600.0,595.0,597.0,-1.0,17336
1217,2021-12-22,2330,10127887,6067689422,598.0,601.0,598.0,600.0,3.0,8238
1218,2021-12-23,2330,16910501,10238270336,607.0,608.0,602.0,606.0,6.0,12888
1219,2021-12-24,2330,12008673,7276331245,606.0,609.0,604.0,604.0,-2.0,10444
1220,2021-12-27,2330,16771900,10193462167,604.0,610.0,604.0,606.0,2.0,16637
1221,2021-12-28,2330,35156339,21569506434,610.0,615.0,610.0,615.0,9.0,36241
1222,2021-12-29,2330,25604320,15788043027,615.0,619.0,614.0,616.0,1.0,28804
1223,2021-12-30,2330,20522055,12654016133,619.0,620.0,615.0,615.0,-1.0,15565
